{
  "pools": [
    {
      "rolls": 1,
      "entries": [
        {
          "type": "minecraft:item",
          "name": "minecraft:leather_boots",
          "functions": [
            {
              "function": "set_nbt",
              "tag": "{display:{Name:'{\"text\":\"Ice Shoes\",\"color\":\"gold\",\"italic\":false}',Lore:['{\"text\":\" \"}','{\"text\":\"Ability:\",\"color\":\"green\",\"italic\":false}','{\"text\":\"When hit there is a 10% chance to reduce\",\"color\":\"gray\",\"italic\":false}','{\"text\":\"the armor values of the enemy by 25% for\",\"color\":\"gray\",\"italic\":false}','{\"text\":\"5 seconds. Also reduces speed by 25%.\",\"color\":\"gray\",\"italic\":false}'],color:8705013},HideFlags:64,RepairCost:99999,Unbreakable:1b,armor:ice_shoes,mt:armor}"
            },
            {
              "function": "minecraft:set_attributes",
              "modifiers": [
                {
                  "attribute": "minecraft:generic.armor",
                  "name": "minecraft:generic.armor",
                  "amount": 2.5,
                  "operation": "addition",
                  "slot": "feet"
                },
                {
                  "attribute": "minecraft:generic.armor_toughness",
                  "name": "minecraft:generic.armor_toughness",
                  "amount": 2.5,
                  "operation": "addition",
                  "slot": "feet"
                }
              ]
            },
            {
              "function": "minecraft:set_enchantments",
              "enchantments": {
                "minecraft:protection": {
                  "min": 1,
                  "max": 5
                },
                "minecraft:projectile_protection": {
                  "min": 2,
                  "max": 10
                },
                "minecraft:blast_protection": {
                  "min": 1,
                  "max": 4
                },
                "minecraft:frost_walker": {
                  "min": 1,
                  "max": 10
                },
                "minecraft:feather_falling": {
                  "min": 1,
                  "max": 5
                }
              }
            }
		  ]
		},
        {
          "type": "minecraft:item",
          "name": "minecraft:leather_boots",
          "functions": [
            {
              "function": "set_nbt",
              "tag": "{display:{Name:'{\"text\":\"Ice Shoes\",\"color\":\"gold\",\"italic\":false}',Lore:['{\"text\":\" \"}','{\"text\":\"Ability:\",\"color\":\"green\",\"italic\":false}','{\"text\":\"When hit there is a 10% chance to reduce\",\"color\":\"gray\",\"italic\":false}','{\"text\":\"the armor values of the enemy by 25% for\",\"color\":\"gray\",\"italic\":false}','{\"text\":\"5 seconds. Also reduces speed by 25%.\",\"color\":\"gray\",\"italic\":false}'],color:8705013},HideFlags:64,RepairCost:99999,Unbreakable:1b,armor:ice_shoes,mt:armor}"
            },
            {
              "function": "minecraft:set_attributes",
              "modifiers": [
                {
                  "attribute": "minecraft:generic.armor",
                  "name": "minecraft:generic.armor",
                  "amount": 3,
                  "operation": "addition",
                  "slot": "feet"
                },
                {
                  "attribute": "minecraft:generic.armor_toughness",
                  "name": "minecraft:generic.armor_toughness",
                  "amount": 3,
                  "operation": "addition",
                  "slot": "feet"
                }
              ]
            },
            {
              "function": "minecraft:set_enchantments",
              "enchantments": {
                "minecraft:protection": {
                  "min": 1,
                  "max": 5
                },
                "minecraft:projectile_protection": {
                  "min": 2,
                  "max": 10
                },
                "minecraft:blast_protection": {
                  "min": 1,
                  "max": 4
                },
                "minecraft:frost_walker": {
                  "min": 1,
                  "max": 10
                },
                "minecraft:feather_falling": {
                  "min": 1,
                  "max": 5
                }
              }
            }
		  ]
		},
        {
          "type": "minecraft:item",
          "name": "minecraft:leather_boots",
          "functions": [
            {
              "function": "set_nbt",
              "tag": "{display:{Name:'{\"text\":\"Ice Shoes\",\"color\":\"gold\",\"italic\":false}',Lore:['{\"text\":\" \"}','{\"text\":\"Ability:\",\"color\":\"green\",\"italic\":false}','{\"text\":\"When hit there is a 10% chance to reduce\",\"color\":\"gray\",\"italic\":false}','{\"text\":\"the armor values of the enemy by 25% for\",\"color\":\"gray\",\"italic\":false}','{\"text\":\"5 seconds. Also reduces speed by 25%.\",\"color\":\"gray\",\"italic\":false}'],color:8705013},HideFlags:64,RepairCost:99999,Unbreakable:1b,armor:ice_shoes,mt:armor}"
            },
            {
              "function": "minecraft:set_attributes",
              "modifiers": [
                {
                  "attribute": "minecraft:generic.armor",
                  "name": "minecraft:generic.armor",
                  "amount": 3.5,
                  "operation": "addition",
                  "slot": "feet"
                },
                {
                  "attribute": "minecraft:generic.armor_toughness",
                  "name": "minecraft:generic.armor_toughness",
                  "amount": 3.5,
                  "operation": "addition",
                  "slot": "feet"
                }
              ]
            },
            {
              "function": "minecraft:set_enchantments",
              "enchantments": {
                "minecraft:protection": {
                  "min": 1,
                  "max": 5
                },
                "minecraft:projectile_protection": {
                  "min": 2,
                  "max": 10
                },
                "minecraft:blast_protection": {
                  "min": 1,
                  "max": 4
                },
                "minecraft:frost_walker": {
                  "min": 1,
                  "max": 10
                },
                "minecraft:feather_falling": {
                  "min": 1,
                  "max": 5
                }
              }
            }
		  ]
		},
        {
          "type": "minecraft:item",
          "name": "minecraft:leather_boots",
          "functions": [
            {
              "function": "set_nbt",
              "tag": "{display:{Name:'{\"text\":\"Ice Shoes\",\"color\":\"gold\",\"italic\":false}',Lore:['{\"text\":\" \"}','{\"text\":\"Ability:\",\"color\":\"green\",\"italic\":false}','{\"text\":\"When hit there is a 10% chance to reduce\",\"color\":\"gray\",\"italic\":false}','{\"text\":\"the armor values of the enemy by 25% for\",\"color\":\"gray\",\"italic\":false}','{\"text\":\"5 seconds. Also reduces speed by 25%.\",\"color\":\"gray\",\"italic\":false}'],color:8705013},HideFlags:64,RepairCost:99999,Unbreakable:1b,armor:ice_shoes,mt:armor}"
            },
            {
              "function": "minecraft:set_attributes",
              "modifiers": [
                {
                  "attribute": "minecraft:generic.armor",
                  "name": "minecraft:generic.armor",
                  "amount": 4,
                  "operation": "addition",
                  "slot": "feet"
                },
                {
                  "attribute": "minecraft:generic.armor_toughness",
                  "name": "minecraft:generic.armor_toughness",
                  "amount": 4,
                  "operation": "addition",
                  "slot": "feet"
                }
              ]
            },
            {
              "function": "minecraft:set_enchantments",
              "enchantments": {
                "minecraft:protection": {
                  "min": 1,
                  "max": 5
                },
                "minecraft:projectile_protection": {
                  "min": 2,
                  "max": 10
                },
                "minecraft:blast_protection": {
                  "min": 1,
                  "max": 4
                },
                "minecraft:frost_walker": {
                  "min": 1,
                  "max": 10
                },
                "minecraft:feather_falling": {
                  "min": 1,
                  "max": 5
                }
              }
            }
		  ]
		},
        {
          "type": "minecraft:item",
          "name": "minecraft:leather_boots",
          "functions": [
            {
              "function": "set_nbt",
              "tag": "{display:{Name:'{\"text\":\"Ice Shoes\",\"color\":\"gold\",\"italic\":false}',Lore:['{\"text\":\" \"}','{\"text\":\"Ability:\",\"color\":\"green\",\"italic\":false}','{\"text\":\"When hit there is a 10% chance to reduce\",\"color\":\"gray\",\"italic\":false}','{\"text\":\"the armor values of the enemy by 25% for\",\"color\":\"gray\",\"italic\":false}','{\"text\":\"5 seconds. Also reduces speed by 25%.\",\"color\":\"gray\",\"italic\":false}'],color:8705013},HideFlags:64,RepairCost:99999,Unbreakable:1b,armor:ice_shoes,mt:armor}"
            },
            {
              "function": "minecraft:set_attributes",
              "modifiers": [
                {
                  "attribute": "minecraft:generic.armor",
                  "name": "minecraft:generic.armor",
                  "amount": 4.5,
                  "operation": "addition",
                  "slot": "feet"
                },
                {
                  "attribute": "minecraft:generic.armor_toughness",
                  "name": "minecraft:generic.armor_toughness",
                  "amount": 4.5,
                  "operation": "addition",
                  "slot": "feet"
                }
              ]
            },
            {
              "function": "minecraft:set_enchantments",
              "enchantments": {
                "minecraft:protection": {
                  "min": 1,
                  "max": 5
                },
                "minecraft:projectile_protection": {
                  "min": 2,
                  "max": 10
                },
                "minecraft:blast_protection": {
                  "min": 1,
                  "max": 4
                },
                "minecraft:frost_walker": {
                  "min": 1,
                  "max": 10
                },
                "minecraft:feather_falling": {
                  "min": 1,
                  "max": 5
                }
              }
            }
		  ]
		},
        {
          "type": "minecraft:item",
          "name": "minecraft:leather_boots",
          "functions": [
            {
              "function": "set_nbt",
              "tag": "{display:{Name:'{\"text\":\"Ice Shoes\",\"color\":\"gold\",\"italic\":false}',Lore:['{\"text\":\" \"}','{\"text\":\"Ability:\",\"color\":\"green\",\"italic\":false}','{\"text\":\"When hit there is a 10% chance to reduce\",\"color\":\"gray\",\"italic\":false}','{\"text\":\"the armor values of the enemy by 25% for\",\"color\":\"gray\",\"italic\":false}','{\"text\":\"5 seconds. Also reduces speed by 25%.\",\"color\":\"gray\",\"italic\":false}'],color:8705013},HideFlags:64,RepairCost:99999,Unbreakable:1b,armor:ice_shoes,mt:armor}"
            },
            {
              "function": "minecraft:set_attributes",
              "modifiers": [
                {
                  "attribute": "minecraft:generic.armor",
                  "name": "minecraft:generic.armor",
                  "amount": 5,
                  "operation": "addition",
                  "slot": "feet"
                },
                {
                  "attribute": "minecraft:generic.armor_toughness",
                  "name": "minecraft:generic.armor_toughness",
                  "amount": 5,
                  "operation": "addition",
                  "slot": "feet"
                }
              ]
            },
            {
              "function": "minecraft:set_enchantments",
              "enchantments": {
                "minecraft:protection": {
                  "min": 1,
                  "max": 5
                },
                "minecraft:projectile_protection": {
                  "min": 2,
                  "max": 10
                },
                "minecraft:blast_protection": {
                  "min": 1,
                  "max": 4
                },
                "minecraft:frost_walker": {
                  "min": 1,
                  "max": 10
                },
                "minecraft:feather_falling": {
                  "min": 1,
                  "max": 5
                }
              }
            }
		  ]
		},
        {
          "type": "minecraft:item",
          "name": "minecraft:leather_boots",
          "functions": [
            {
              "function": "set_nbt",
              "tag": "{display:{Name:'{\"text\":\"Ice Shoes\",\"color\":\"gold\",\"italic\":false}',Lore:['{\"text\":\" \"}','{\"text\":\"Ability:\",\"color\":\"green\",\"italic\":false}','{\"text\":\"When hit there is a 10% chance to reduce\",\"color\":\"gray\",\"italic\":false}','{\"text\":\"the armor values of the enemy by 25% for\",\"color\":\"gray\",\"italic\":false}','{\"text\":\"5 seconds. Also reduces speed by 25%.\",\"color\":\"gray\",\"italic\":false}'],color:8705013},HideFlags:64,RepairCost:99999,Unbreakable:1b,armor:ice_shoes,mt:armor}"
            },
            {
              "function": "minecraft:set_attributes",
              "modifiers": [
                {
                  "attribute": "minecraft:generic.armor",
                  "name": "minecraft:generic.armor",
                  "amount": 3,
                  "operation": "addition",
                  "slot": "feet"
                },
                {
                  "attribute": "minecraft:generic.armor_toughness",
                  "name": "minecraft:generic.armor_toughness",
                  "amount": 2.5,
                  "operation": "addition",
                  "slot": "feet"
                }
              ]
            },
            {
              "function": "minecraft:set_enchantments",
              "enchantments": {
                "minecraft:protection": {
                  "min": 1,
                  "max": 5
                },
                "minecraft:projectile_protection": {
                  "min": 2,
                  "max": 10
                },
                "minecraft:blast_protection": {
                  "min": 1,
                  "max": 4
                },
                "minecraft:frost_walker": {
                  "min": 1,
                  "max": 10
                },
                "minecraft:feather_falling": {
                  "min": 1,
                  "max": 5
                }
              }
            }
		  ]
		},
        {
          "type": "minecraft:item",
          "name": "minecraft:leather_boots",
          "functions": [
            {
              "function": "set_nbt",
              "tag": "{display:{Name:'{\"text\":\"Ice Shoes\",\"color\":\"gold\",\"italic\":false}',Lore:['{\"text\":\" \"}','{\"text\":\"Ability:\",\"color\":\"green\",\"italic\":false}','{\"text\":\"When hit there is a 10% chance to reduce\",\"color\":\"gray\",\"italic\":false}','{\"text\":\"the armor values of the enemy by 25% for\",\"color\":\"gray\",\"italic\":false}','{\"text\":\"5 seconds. Also reduces speed by 25%.\",\"color\":\"gray\",\"italic\":false}'],color:8705013},HideFlags:64,RepairCost:99999,Unbreakable:1b,armor:ice_shoes,mt:armor}"
            },
            {
              "function": "minecraft:set_attributes",
              "modifiers": [
                {
                  "attribute": "minecraft:generic.armor",
                  "name": "minecraft:generic.armor",
                  "amount": 3.5,
                  "operation": "addition",
                  "slot": "feet"
                },
                {
                  "attribute": "minecraft:generic.armor_toughness",
                  "name": "minecraft:generic.armor_toughness",
                  "amount": 2.5,
                  "operation": "addition",
                  "slot": "feet"
                }
              ]
            },
            {
              "function": "minecraft:set_enchantments",
              "enchantments": {
                "minecraft:protection": {
                  "min": 1,
                  "max": 5
                },
                "minecraft:projectile_protection": {
                  "min": 2,
                  "max": 10
                },
                "minecraft:blast_protection": {
                  "min": 1,
                  "max": 4
                },
                "minecraft:frost_walker": {
                  "min": 1,
                  "max": 10
                },
                "minecraft:feather_falling": {
                  "min": 1,
                  "max": 5
                }
              }
            }
		  ]
		},
        {
          "type": "minecraft:item",
          "name": "minecraft:leather_boots",
          "functions": [
            {
              "function": "set_nbt",
              "tag": "{display:{Name:'{\"text\":\"Ice Shoes\",\"color\":\"gold\",\"italic\":false}',Lore:['{\"text\":\" \"}','{\"text\":\"Ability:\",\"color\":\"green\",\"italic\":false}','{\"text\":\"When hit there is a 10% chance to reduce\",\"color\":\"gray\",\"italic\":false}','{\"text\":\"the armor values of the enemy by 25% for\",\"color\":\"gray\",\"italic\":false}','{\"text\":\"5 seconds. Also reduces speed by 25%.\",\"color\":\"gray\",\"italic\":false}'],color:8705013},HideFlags:64,RepairCost:99999,Unbreakable:1b,armor:ice_shoes,mt:armor}"
            },
            {
              "function": "minecraft:set_attributes",
              "modifiers": [
                {
                  "attribute": "minecraft:generic.armor",
                  "name": "minecraft:generic.armor",
                  "amount": 3.5,
                  "operation": "addition",
                  "slot": "feet"
                },
                {
                  "attribute": "minecraft:generic.armor_toughness",
                  "name": "minecraft:generic.armor_toughness",
                  "amount": 2.5,
                  "operation": "addition",
                  "slot": "feet"
                }
              ]
            },
            {
              "function": "minecraft:set_enchantments",
              "enchantments": {
                "minecraft:protection": {
                  "min": 1,
                  "max": 5
                },
                "minecraft:projectile_protection": {
                  "min": 2,
                  "max": 10
                },
                "minecraft:blast_protection": {
                  "min": 1,
                  "max": 4
                },
                "minecraft:frost_walker": {
                  "min": 1,
                  "max": 10
                },
                "minecraft:feather_falling": {
                  "min": 1,
                  "max": 5
                }
              }
            }
		  ]
		},
        {
          "type": "minecraft:item",
          "name": "minecraft:leather_boots",
          "functions": [
            {
              "function": "set_nbt",
              "tag": "{display:{Name:'{\"text\":\"Ice Shoes\",\"color\":\"gold\",\"italic\":false}',Lore:['{\"text\":\" \"}','{\"text\":\"Ability:\",\"color\":\"green\",\"italic\":false}','{\"text\":\"When hit there is a 10% chance to reduce\",\"color\":\"gray\",\"italic\":false}','{\"text\":\"the armor values of the enemy by 25% for\",\"color\":\"gray\",\"italic\":false}','{\"text\":\"5 seconds. Also reduces speed by 25%.\",\"color\":\"gray\",\"italic\":false}'],color:8705013},HideFlags:64,RepairCost:99999,Unbreakable:1b,armor:ice_shoes,mt:armor}"
            },
            {
              "function": "minecraft:set_attributes",
              "modifiers": [
                {
                  "attribute": "minecraft:generic.armor",
                  "name": "minecraft:generic.armor",
                  "amount": 4,
                  "operation": "addition",
                  "slot": "feet"
                },
                {
                  "attribute": "minecraft:generic.armor_toughness",
                  "name": "minecraft:generic.armor_toughness",
                  "amount": 2.5,
                  "operation": "addition",
                  "slot": "feet"
                }
              ]
            },
            {
              "function": "minecraft:set_enchantments",
              "enchantments": {
                "minecraft:protection": {
                  "min": 1,
                  "max": 5
                },
                "minecraft:projectile_protection": {
                  "min": 2,
                  "max": 10
                },
                "minecraft:blast_protection": {
                  "min": 1,
                  "max": 4
                },
                "minecraft:frost_walker": {
                  "min": 1,
                  "max": 10
                },
                "minecraft:feather_falling": {
                  "min": 1,
                  "max": 5
                }
              }
            }
		  ]
		},
        {
          "type": "minecraft:item",
          "name": "minecraft:leather_boots",
          "functions": [
            {
              "function": "set_nbt",
              "tag": "{display:{Name:'{\"text\":\"Ice Shoes\",\"color\":\"gold\",\"italic\":false}',Lore:['{\"text\":\" \"}','{\"text\":\"Ability:\",\"color\":\"green\",\"italic\":false}','{\"text\":\"When hit there is a 10% chance to reduce\",\"color\":\"gray\",\"italic\":false}','{\"text\":\"the armor values of the enemy by 25% for\",\"color\":\"gray\",\"italic\":false}','{\"text\":\"5 seconds. Also reduces speed by 25%.\",\"color\":\"gray\",\"italic\":false}'],color:8705013},HideFlags:64,RepairCost:99999,Unbreakable:1b,armor:ice_shoes,mt:armor}"
            },
            {
              "function": "minecraft:set_attributes",
              "modifiers": [
                {
                  "attribute": "minecraft:generic.armor",
                  "name": "minecraft:generic.armor",
                  "amount": 4.5,
                  "operation": "addition",
                  "slot": "feet"
                },
                {
                  "attribute": "minecraft:generic.armor_toughness",
                  "name": "minecraft:generic.armor_toughness",
                  "amount": 2.5,
                  "operation": "addition",
                  "slot": "feet"
                }
              ]
            },
            {
              "function": "minecraft:set_enchantments",
              "enchantments": {
                "minecraft:protection": {
                  "min": 1,
                  "max": 5
                },
                "minecraft:projectile_protection": {
                  "min": 2,
                  "max": 10
                },
                "minecraft:blast_protection": {
                  "min": 1,
                  "max": 4
                },
                "minecraft:frost_walker": {
                  "min": 1,
                  "max": 10
                },
                "minecraft:feather_falling": {
                  "min": 1,
                  "max": 5
                }
              }
            }
		  ]
		},
        {
          "type": "minecraft:item",
          "name": "minecraft:leather_boots",
          "functions": [
            {
              "function": "set_nbt",
              "tag": "{display:{Name:'{\"text\":\"Ice Shoes\",\"color\":\"gold\",\"italic\":false}',Lore:['{\"text\":\" \"}','{\"text\":\"Ability:\",\"color\":\"green\",\"italic\":false}','{\"text\":\"When hit there is a 10% chance to reduce\",\"color\":\"gray\",\"italic\":false}','{\"text\":\"the armor values of the enemy by 25% for\",\"color\":\"gray\",\"italic\":false}','{\"text\":\"5 seconds. Also reduces speed by 25%.\",\"color\":\"gray\",\"italic\":false}'],color:8705013},HideFlags:64,RepairCost:99999,Unbreakable:1b,armor:ice_shoes,mt:armor}"
            },
            {
              "function": "minecraft:set_attributes",
              "modifiers": [
                {
                  "attribute": "minecraft:generic.armor",
                  "name": "minecraft:generic.armor",
                  "amount": 5,
                  "operation": "addition",
                  "slot": "feet"
                },
                {
                  "attribute": "minecraft:generic.armor_toughness",
                  "name": "minecraft:generic.armor_toughness",
                  "amount": 2.5,
                  "operation": "addition",
                  "slot": "feet"
                }
              ]
            },
            {
              "function": "minecraft:set_enchantments",
              "enchantments": {
                "minecraft:protection": {
                  "min": 1,
                  "max": 5
                },
                "minecraft:projectile_protection": {
                  "min": 2,
                  "max": 10
                },
                "minecraft:blast_protection": {
                  "min": 1,
                  "max": 4
                },
                "minecraft:frost_walker": {
                  "min": 1,
                  "max": 10
                },
                "minecraft:feather_falling": {
                  "min": 1,
                  "max": 5
                }
              }
            }
		  ]
		},
        {
          "type": "minecraft:item",
          "name": "minecraft:leather_boots",
          "functions": [
            {
              "function": "set_nbt",
              "tag": "{display:{Name:'{\"text\":\"Ice Shoes\",\"color\":\"gold\",\"italic\":false}',Lore:['{\"text\":\" \"}','{\"text\":\"Ability:\",\"color\":\"green\",\"italic\":false}','{\"text\":\"When hit there is a 10% chance to reduce\",\"color\":\"gray\",\"italic\":false}','{\"text\":\"the armor values of the enemy by 25% for\",\"color\":\"gray\",\"italic\":false}','{\"text\":\"5 seconds. Also reduces speed by 25%.\",\"color\":\"gray\",\"italic\":false}'],color:8705013},HideFlags:64,RepairCost:99999,Unbreakable:1b,armor:ice_shoes,mt:armor}"
            },
            {
              "function": "minecraft:set_attributes",
              "modifiers": [
                {
                  "attribute": "minecraft:generic.armor",
                  "name": "minecraft:generic.armor",
                  "amount": 3.5,
                  "operation": "addition",
                  "slot": "feet"
                },
                {
                  "attribute": "minecraft:generic.armor_toughness",
                  "name": "minecraft:generic.armor_toughness",
                  "amount": 5,
                  "operation": "addition",
                  "slot": "feet"
                }
              ]
            },
            {
              "function": "minecraft:set_enchantments",
              "enchantments": {
                "minecraft:protection": {
                  "min": 1,
                  "max": 5
                },
                "minecraft:projectile_protection": {
                  "min": 2,
                  "max": 10
                },
                "minecraft:blast_protection": {
                  "min": 1,
                  "max": 4
                },
                "minecraft:frost_walker": {
                  "min": 1,
                  "max": 10
                },
                "minecraft:feather_falling": {
                  "min": 1,
                  "max": 5
                }
              }
            }
		  ]
		},
        {
          "type": "minecraft:item",
          "name": "minecraft:leather_boots",
          "functions": [
            {
              "function": "set_nbt",
              "tag": "{display:{Name:'{\"text\":\"Ice Shoes\",\"color\":\"gold\",\"italic\":false}',Lore:['{\"text\":\" \"}','{\"text\":\"Ability:\",\"color\":\"green\",\"italic\":false}','{\"text\":\"When hit there is a 10% chance to reduce\",\"color\":\"gray\",\"italic\":false}','{\"text\":\"the armor values of the enemy by 25% for\",\"color\":\"gray\",\"italic\":false}','{\"text\":\"5 seconds. Also reduces speed by 25%.\",\"color\":\"gray\",\"italic\":false}'],color:8705013},HideFlags:64,RepairCost:99999,Unbreakable:1b,armor:ice_shoes,mt:armor}"
            },
            {
              "function": "minecraft:set_attributes",
              "modifiers": [
                {
                  "attribute": "minecraft:generic.armor",
                  "name": "minecraft:generic.armor",
                  "amount": 3.5,
                  "operation": "addition",
                  "slot": "feet"
                },
                {
                  "attribute": "minecraft:generic.armor_toughness",
                  "name": "minecraft:generic.armor_toughness",
                  "amount": 4.5,
                  "operation": "addition",
                  "slot": "feet"
                }
              ]
            },
            {
              "function": "minecraft:set_enchantments",
              "enchantments": {
                "minecraft:protection": {
                  "min": 1,
                  "max": 5
                },
                "minecraft:projectile_protection": {
                  "min": 2,
                  "max": 10
                },
                "minecraft:blast_protection": {
                  "min": 1,
                  "max": 4
                },
                "minecraft:frost_walker": {
                  "min": 1,
                  "max": 10
                },
                "minecraft:feather_falling": {
                  "min": 1,
                  "max": 5
                }
              }
            }
		  ]
		},
        {
          "type": "minecraft:item",
          "name": "minecraft:leather_boots",
          "functions": [
            {
              "function": "set_nbt",
              "tag": "{display:{Name:'{\"text\":\"Ice Shoes\",\"color\":\"gold\",\"italic\":false}',Lore:['{\"text\":\" \"}','{\"text\":\"Ability:\",\"color\":\"green\",\"italic\":false}','{\"text\":\"When hit there is a 10% chance to reduce\",\"color\":\"gray\",\"italic\":false}','{\"text\":\"the armor values of the enemy by 25% for\",\"color\":\"gray\",\"italic\":false}','{\"text\":\"5 seconds. Also reduces speed by 25%.\",\"color\":\"gray\",\"italic\":false}'],color:8705013},HideFlags:64,RepairCost:99999,Unbreakable:1b,armor:ice_shoes,mt:armor}"
            },
            {
              "function": "minecraft:set_attributes",
              "modifiers": [
                {
                  "attribute": "minecraft:generic.armor",
                  "name": "minecraft:generic.armor",
                  "amount": 3,
                  "operation": "addition",
                  "slot": "feet"
                },
                {
                  "attribute": "minecraft:generic.armor_toughness",
                  "name": "minecraft:generic.armor_toughness",
                  "amount": 5,
                  "operation": "addition",
                  "slot": "feet"
                }
              ]
            },
            {
              "function": "minecraft:set_enchantments",
              "enchantments": {
                "minecraft:protection": {
                  "min": 1,
                  "max": 5
                },
                "minecraft:projectile_protection": {
                  "min": 2,
                  "max": 10
                },
                "minecraft:blast_protection": {
                  "min": 1,
                  "max": 4
                },
                "minecraft:frost_walker": {
                  "min": 1,
                  "max": 10
                },
                "minecraft:feather_falling": {
                  "min": 1,
                  "max": 5
                }
              }
            }
		  ]
		},
        {
          "type": "minecraft:item",
          "name": "minecraft:leather_boots",
          "functions": [
            {
              "function": "set_nbt",
              "tag": "{display:{Name:'{\"text\":\"Ice Shoes\",\"color\":\"gold\",\"italic\":false}',Lore:['{\"text\":\" \"}','{\"text\":\"Ability:\",\"color\":\"green\",\"italic\":false}','{\"text\":\"When hit there is a 10% chance to reduce\",\"color\":\"gray\",\"italic\":false}','{\"text\":\"the armor values of the enemy by 25% for\",\"color\":\"gray\",\"italic\":false}','{\"text\":\"5 seconds. Also reduces speed by 25%.\",\"color\":\"gray\",\"italic\":false}'],color:8705013},HideFlags:64,RepairCost:99999,Unbreakable:1b,armor:ice_shoes,mt:armor}"
            },
            {
              "function": "minecraft:set_attributes",
              "modifiers": [
                {
                  "attribute": "minecraft:generic.armor",
                  "name": "minecraft:generic.armor",
                  "amount": 4.5,
                  "operation": "addition",
                  "slot": "feet"
                },
                {
                  "attribute": "minecraft:generic.armor_toughness",
                  "name": "minecraft:generic.armor_toughness",
                  "amount": 5,
                  "operation": "addition",
                  "slot": "feet"
                }
              ]
            },
            {
              "function": "minecraft:set_enchantments",
              "enchantments": {
                "minecraft:protection": {
                  "min": 1,
                  "max": 5
                },
                "minecraft:projectile_protection": {
                  "min": 2,
                  "max": 10
                },
                "minecraft:blast_protection": {
                  "min": 1,
                  "max": 4
                },
                "minecraft:frost_walker": {
                  "min": 1,
                  "max": 10
                },
                "minecraft:feather_falling": {
                  "min": 1,
                  "max": 5
                }
              }
            }
		  ]
		},
        {
          "type": "minecraft:item",
          "name": "minecraft:leather_boots",
          "functions": [
            {
              "function": "set_nbt",
              "tag": "{display:{Name:'{\"text\":\"Ice Shoes\",\"color\":\"gold\",\"italic\":false}',Lore:['{\"text\":\" \"}','{\"text\":\"Ability:\",\"color\":\"green\",\"italic\":false}','{\"text\":\"When hit there is a 10% chance to reduce\",\"color\":\"gray\",\"italic\":false}','{\"text\":\"the armor values of the enemy by 25% for\",\"color\":\"gray\",\"italic\":false}','{\"text\":\"5 seconds. Also reduces speed by 25%.\",\"color\":\"gray\",\"italic\":false}'],color:8705013},HideFlags:64,RepairCost:99999,Unbreakable:1b,armor:ice_shoes,mt:armor}"
            },
            {
              "function": "minecraft:set_attributes",
              "modifiers": [
                {
                  "attribute": "minecraft:generic.armor",
                  "name": "minecraft:generic.armor",
                  "amount": 4.5,
                  "operation": "addition",
                  "slot": "feet"
                },
                {
                  "attribute": "minecraft:generic.armor_toughness",
                  "name": "minecraft:generic.armor_toughness",
                  "amount": 4,
                  "operation": "addition",
                  "slot": "feet"
                }
              ]
            },
            {
              "function": "minecraft:set_enchantments",
              "enchantments": {
                "minecraft:protection": {
                  "min": 1,
                  "max": 5
                },
                "minecraft:projectile_protection": {
                  "min": 2,
                  "max": 10
                },
                "minecraft:blast_protection": {
                  "min": 1,
                  "max": 4
                },
                "minecraft:frost_walker": {
                  "min": 1,
                  "max": 10
                },
                "minecraft:feather_falling": {
                  "min": 1,
                  "max": 5
                }
              }
            }
		  ]
		},
        {
          "type": "minecraft:item",
          "name": "minecraft:leather_boots",
          "functions": [
            {
              "function": "set_nbt",
              "tag": "{display:{Name:'{\"text\":\"Ice Shoes\",\"color\":\"gold\",\"italic\":false}',Lore:['{\"text\":\" \"}','{\"text\":\"Ability:\",\"color\":\"green\",\"italic\":false}','{\"text\":\"When hit there is a 10% chance to reduce\",\"color\":\"gray\",\"italic\":false}','{\"text\":\"the armor values of the enemy by 25% for\",\"color\":\"gray\",\"italic\":false}','{\"text\":\"5 seconds. Also reduces speed by 25%.\",\"color\":\"gray\",\"italic\":false}'],color:8705013},HideFlags:64,RepairCost:99999,Unbreakable:1b,armor:ice_shoes,mt:armor}"
            },
            {
              "function": "minecraft:set_attributes",
              "modifiers": [
                {
                  "attribute": "minecraft:generic.armor",
                  "name": "minecraft:generic.armor",
                  "amount": 4.5,
                  "operation": "addition",
                  "slot": "feet"
                },
                {
                  "attribute": "minecraft:generic.armor_toughness",
                  "name": "minecraft:generic.armor_toughness",
                  "amount": 3,
                  "operation": "addition",
                  "slot": "feet"
                }
              ]
            },
            {
              "function": "minecraft:set_enchantments",
              "enchantments": {
                "minecraft:protection": {
                  "min": 1,
                  "max": 5
                },
                "minecraft:projectile_protection": {
                  "min": 2,
                  "max": 10
                },
                "minecraft:blast_protection": {
                  "min": 1,
                  "max": 4
                },
                "minecraft:frost_walker": {
                  "min": 1,
                  "max": 10
                },
                "minecraft:feather_falling": {
                  "min": 1,
                  "max": 5
                }
              }
            }
		  ]
		},
        {
          "type": "minecraft:item",
          "name": "minecraft:leather_boots",
          "functions": [
            {
              "function": "set_nbt",
              "tag": "{display:{Name:'{\"text\":\"Ice Shoes\",\"color\":\"gold\",\"italic\":false}',Lore:['{\"text\":\" \"}','{\"text\":\"Ability:\",\"color\":\"green\",\"italic\":false}','{\"text\":\"When hit there is a 10% chance to reduce\",\"color\":\"gray\",\"italic\":false}','{\"text\":\"the armor values of the enemy by 25% for\",\"color\":\"gray\",\"italic\":false}','{\"text\":\"5 seconds. Also reduces speed by 25%.\",\"color\":\"gray\",\"italic\":false}'],color:8705013},HideFlags:64,RepairCost:99999,Unbreakable:1b,armor:ice_shoes,mt:armor}"
            },
            {
              "function": "minecraft:set_attributes",
              "modifiers": [
                {
                  "attribute": "minecraft:generic.armor",
                  "name": "minecraft:generic.armor",
                  "amount": 3.5,
                  "operation": "addition",
                  "slot": "feet"
                },
                {
                  "attribute": "minecraft:generic.armor_toughness",
                  "name": "minecraft:generic.armor_toughness",
                  "amount": 4,
                  "operation": "addition",
                  "slot": "feet"
                }
              ]
            },
            {
              "function": "minecraft:set_enchantments",
              "enchantments": {
                "minecraft:protection": {
                  "min": 1,
                  "max": 5
                },
                "minecraft:projectile_protection": {
                  "min": 2,
                  "max": 10
                },
                "minecraft:blast_protection": {
                  "min": 1,
                  "max": 4
                },
                "minecraft:frost_walker": {
                  "min": 1,
                  "max": 10
                },
                "minecraft:feather_falling": {
                  "min": 1,
                  "max": 5
                }
              }
            }
		  ]
		},
        {
          "type": "minecraft:item",
          "name": "minecraft:leather_boots",
          "functions": [
            {
              "function": "set_nbt",
              "tag": "{display:{Name:'{\"text\":\"Ice Shoes\",\"color\":\"gold\",\"italic\":false}',Lore:['{\"text\":\" \"}','{\"text\":\"Ability:\",\"color\":\"green\",\"italic\":false}','{\"text\":\"When hit there is a 10% chance to reduce\",\"color\":\"gray\",\"italic\":false}','{\"text\":\"the armor values of the enemy by 25% for\",\"color\":\"gray\",\"italic\":false}','{\"text\":\"5 seconds. Also reduces speed by 25%.\",\"color\":\"gray\",\"italic\":false}'],color:8705013},HideFlags:64,RepairCost:99999,Unbreakable:1b,armor:ice_shoes,mt:armor}"
            },
            {
              "function": "minecraft:set_attributes",
              "modifiers": [
                {
                  "attribute": "minecraft:generic.armor",
                  "name": "minecraft:generic.armor",
                  "amount": 3,
                  "operation": "addition",
                  "slot": "feet"
                },
                {
                  "attribute": "minecraft:generic.armor_toughness",
                  "name": "minecraft:generic.armor_toughness",
                  "amount": 3.5,
                  "operation": "addition",
                  "slot": "feet"
                }
              ]
            },
            {
              "function": "minecraft:set_enchantments",
              "enchantments": {
                "minecraft:protection": {
                  "min": 1,
                  "max": 5
                },
                "minecraft:projectile_protection": {
                  "min": 2,
                  "max": 10
                },
                "minecraft:blast_protection": {
                  "min": 1,
                  "max": 4
                },
                "minecraft:frost_walker": {
                  "min": 1,
                  "max": 10
                },
                "minecraft:feather_falling": {
                  "min": 1,
                  "max": 5
                }
              }
            }
		  ]
		},
        {
          "type": "minecraft:item",
          "name": "minecraft:leather_boots",
          "functions": [
            {
              "function": "set_nbt",
              "tag": "{display:{Name:'{\"text\":\"Ice Shoes\",\"color\":\"gold\",\"italic\":false}',Lore:['{\"text\":\" \"}','{\"text\":\"Ability:\",\"color\":\"green\",\"italic\":false}','{\"text\":\"When hit there is a 10% chance to reduce\",\"color\":\"gray\",\"italic\":false}','{\"text\":\"the armor values of the enemy by 25% for\",\"color\":\"gray\",\"italic\":false}','{\"text\":\"5 seconds. Also reduces speed by 25%.\",\"color\":\"gray\",\"italic\":false}'],color:8705013},HideFlags:64,RepairCost:99999,Unbreakable:1b,armor:ice_shoes,mt:armor}"
            },
            {
              "function": "minecraft:set_attributes",
              "modifiers": [
                {
                  "attribute": "minecraft:generic.armor",
                  "name": "minecraft:generic.armor",
                  "amount": 3,
                  "operation": "addition",
                  "slot": "feet"
                },
                {
                  "attribute": "minecraft:generic.armor_toughness",
                  "name": "minecraft:generic.armor_toughness",
                  "amount": 4,
                  "operation": "addition",
                  "slot": "feet"
                }
              ]
            },
            {
              "function": "minecraft:set_enchantments",
              "enchantments": {
                "minecraft:protection": {
                  "min": 1,
                  "max": 5
                },
                "minecraft:projectile_protection": {
                  "min": 2,
                  "max": 10
                },
                "minecraft:blast_protection": {
                  "min": 1,
                  "max": 4
                },
                "minecraft:frost_walker": {
                  "min": 1,
                  "max": 10
                },
                "minecraft:feather_falling": {
                  "min": 1,
                  "max": 5
                }
              }
            }
		  ]
		},
        {
          "type": "minecraft:item",
          "name": "minecraft:leather_boots",
          "functions": [
            {
              "function": "set_nbt",
              "tag": "{display:{Name:'{\"text\":\"Ice Shoes\",\"color\":\"gold\",\"italic\":false}',Lore:['{\"text\":\" \"}','{\"text\":\"Ability:\",\"color\":\"green\",\"italic\":false}','{\"text\":\"When hit there is a 10% chance to reduce\",\"color\":\"gray\",\"italic\":false}','{\"text\":\"the armor values of the enemy by 25% for\",\"color\":\"gray\",\"italic\":false}','{\"text\":\"5 seconds. Also reduces speed by 25%.\",\"color\":\"gray\",\"italic\":false}'],color:8705013},HideFlags:64,RepairCost:99999,Unbreakable:1b,armor:ice_shoes,mt:armor}"
            },
            {
              "function": "minecraft:set_attributes",
              "modifiers": [
                {
                  "attribute": "minecraft:generic.armor",
                  "name": "minecraft:generic.armor",
                  "amount": 3,
                  "operation": "addition",
                  "slot": "feet"
                },
                {
                  "attribute": "minecraft:generic.armor_toughness",
                  "name": "minecraft:generic.armor_toughness",
                  "amount": 4.5,
                  "operation": "addition",
                  "slot": "feet"
                }
              ]
            },
            {
              "function": "minecraft:set_enchantments",
              "enchantments": {
                "minecraft:protection": {
                  "min": 1,
                  "max": 5
                },
                "minecraft:projectile_protection": {
                  "min": 2,
                  "max": 10
                },
                "minecraft:blast_protection": {
                  "min": 1,
                  "max": 4
                },
                "minecraft:frost_walker": {
                  "min": 1,
                  "max": 10
                },
                "minecraft:feather_falling": {
                  "min": 1,
                  "max": 5
                }
              }
            }
		  ]
		},
        {
          "type": "minecraft:item",
          "name": "minecraft:leather_boots",
          "functions": [
            {
              "function": "set_nbt",
              "tag": "{display:{Name:'{\"text\":\"Ice Shoes\",\"color\":\"gold\",\"italic\":false}',Lore:['{\"text\":\" \"}','{\"text\":\"Ability:\",\"color\":\"green\",\"italic\":false}','{\"text\":\"When hit there is a 10% chance to reduce\",\"color\":\"gray\",\"italic\":false}','{\"text\":\"the armor values of the enemy by 25% for\",\"color\":\"gray\",\"italic\":false}','{\"text\":\"5 seconds. Also reduces speed by 25%.\",\"color\":\"gray\",\"italic\":false}'],color:8705013},HideFlags:64,RepairCost:99999,Unbreakable:1b,armor:ice_shoes,mt:armor}"
            },
            {
              "function": "minecraft:set_attributes",
              "modifiers": [
                {
                  "attribute": "minecraft:generic.armor",
                  "name": "minecraft:generic.armor",
                  "amount": 3,
                  "operation": "addition",
                  "slot": "feet"
                },
                {
                  "attribute": "minecraft:generic.armor_toughness",
                  "name": "minecraft:generic.armor_toughness",
                  "amount": 5,
                  "operation": "addition",
                  "slot": "feet"
                }
              ]
            },
            {
              "function": "minecraft:set_enchantments",
              "enchantments": {
                "minecraft:protection": {
                  "min": 1,
                  "max": 5
                },
                "minecraft:projectile_protection": {
                  "min": 2,
                  "max": 10
                },
                "minecraft:blast_protection": {
                  "min": 1,
                  "max": 4
                },
                "minecraft:frost_walker": {
                  "min": 1,
                  "max": 10
                },
                "minecraft:feather_falling": {
                  "min": 1,
                  "max": 5
                }
              }
            }
		  ]
		},
        {
          "type": "minecraft:item",
          "name": "minecraft:leather_boots",
          "functions": [
            {
              "function": "set_nbt",
              "tag": "{display:{Name:'{\"text\":\"Ice Shoes\",\"color\":\"gold\",\"italic\":false}',Lore:['{\"text\":\" \"}','{\"text\":\"Ability:\",\"color\":\"green\",\"italic\":false}','{\"text\":\"When hit there is a 10% chance to reduce\",\"color\":\"gray\",\"italic\":false}','{\"text\":\"the armor values of the enemy by 25% for\",\"color\":\"gray\",\"italic\":false}','{\"text\":\"5 seconds. Also reduces speed by 25%.\",\"color\":\"gray\",\"italic\":false}'],color:8705013},HideFlags:64,RepairCost:99999,Unbreakable:1b,armor:ice_shoes,mt:armor}"
            },
            {
              "function": "minecraft:set_attributes",
              "modifiers": [
                {
                  "attribute": "minecraft:generic.armor",
                  "name": "minecraft:generic.armor",
                  "amount": 3.5,
                  "operation": "addition",
                  "slot": "feet"
                },
                {
                  "attribute": "minecraft:generic.armor_toughness",
                  "name": "minecraft:generic.armor_toughness",
                  "amount": 3,
                  "operation": "addition",
                  "slot": "feet"
                }
              ]
            },
            {
              "function": "minecraft:set_enchantments",
              "enchantments": {
                "minecraft:protection": {
                  "min": 1,
                  "max": 5
                },
                "minecraft:projectile_protection": {
                  "min": 2,
                  "max": 10
                },
                "minecraft:blast_protection": {
                  "min": 1,
                  "max": 4
                },
                "minecraft:frost_walker": {
                  "min": 1,
                  "max": 10
                },
                "minecraft:feather_falling": {
                  "min": 1,
                  "max": 5
                }
              }
            }
		  ]
		},
        {
          "type": "minecraft:item",
          "name": "minecraft:leather_boots",
          "functions": [
            {
              "function": "set_nbt",
              "tag": "{display:{Name:'{\"text\":\"Ice Shoes\",\"color\":\"gold\",\"italic\":false}',Lore:['{\"text\":\" \"}','{\"text\":\"Ability:\",\"color\":\"green\",\"italic\":false}','{\"text\":\"When hit there is a 10% chance to reduce\",\"color\":\"gray\",\"italic\":false}','{\"text\":\"the armor values of the enemy by 25% for\",\"color\":\"gray\",\"italic\":false}','{\"text\":\"5 seconds. Also reduces speed by 25%.\",\"color\":\"gray\",\"italic\":false}'],color:8705013},HideFlags:64,RepairCost:99999,Unbreakable:1b,armor:ice_shoes,mt:armor}"
            },
            {
              "function": "minecraft:set_attributes",
              "modifiers": [
                {
                  "attribute": "minecraft:generic.armor",
                  "name": "minecraft:generic.armor",
                  "amount": 4,
                  "operation": "addition",
                  "slot": "feet"
                },
                {
                  "attribute": "minecraft:generic.armor_toughness",
                  "name": "minecraft:generic.armor_toughness",
                  "amount": 5,
                  "operation": "addition",
                  "slot": "feet"
                }
              ]
            },
            {
              "function": "minecraft:set_enchantments",
              "enchantments": {
                "minecraft:protection": {
                  "min": 1,
                  "max": 5
                },
                "minecraft:projectile_protection": {
                  "min": 2,
                  "max": 10
                },
                "minecraft:blast_protection": {
                  "min": 1,
                  "max": 4
                },
                "minecraft:frost_walker": {
                  "min": 1,
                  "max": 10
                },
                "minecraft:feather_falling": {
                  "min": 1,
                  "max": 5
                }
              }
            }
		  ]
		},
        {
          "type": "minecraft:item",
          "name": "minecraft:leather_boots",
          "functions": [
            {
              "function": "set_nbt",
              "tag": "{display:{Name:'{\"text\":\"Ice Shoes\",\"color\":\"gold\",\"italic\":false}',Lore:['{\"text\":\" \"}','{\"text\":\"Ability:\",\"color\":\"green\",\"italic\":false}','{\"text\":\"When hit there is a 10% chance to reduce\",\"color\":\"gray\",\"italic\":false}','{\"text\":\"the armor values of the enemy by 25% for\",\"color\":\"gray\",\"italic\":false}','{\"text\":\"5 seconds. Also reduces speed by 25%.\",\"color\":\"gray\",\"italic\":false}'],color:8705013},HideFlags:64,RepairCost:99999,Unbreakable:1b,armor:ice_shoes,mt:armor}"
            },
            {
              "function": "minecraft:set_attributes",
              "modifiers": [
                {
                  "attribute": "minecraft:generic.armor",
                  "name": "minecraft:generic.armor",
                  "amount": 5,
                  "operation": "addition",
                  "slot": "feet"
                },
                {
                  "attribute": "minecraft:generic.armor_toughness",
                  "name": "minecraft:generic.armor_toughness",
                  "amount": 3,
                  "operation": "addition",
                  "slot": "feet"
                }
			  ]
			},
            {
              "function": "minecraft:set_enchantments",
              "enchantments": {
                "minecraft:protection": {
                  "min": 1,
                  "max": 5
                },
                "minecraft:projectile_protection": {
                  "min": 2,
                  "max": 10
                },
                "minecraft:blast_protection": {
                  "min": 1,
                  "max": 4
                },
                "minecraft:frost_walker": {
                  "min": 1,
                  "max": 10
                },
                "minecraft:feather_falling": {
                  "min": 1,
                  "max": 5
                }
              }
            }
		  ]
		},
        {
          "type": "minecraft:item",
          "name": "minecraft:leather_boots",
          "functions": [
            {
              "function": "set_nbt",
              "tag": "{display:{Name:'{\"text\":\"Ice Shoes\",\"color\":\"gold\",\"italic\":false}',Lore:['{\"text\":\" \"}','{\"text\":\"Ability:\",\"color\":\"green\",\"italic\":false}','{\"text\":\"When hit there is a 10% chance to reduce\",\"color\":\"gray\",\"italic\":false}','{\"text\":\"the armor values of the enemy by 25% for\",\"color\":\"gray\",\"italic\":false}','{\"text\":\"5 seconds. Also reduces speed by 25%.\",\"color\":\"gray\",\"italic\":false}'],color:8705013},HideFlags:64,RepairCost:99999,Unbreakable:1b,armor:ice_shoes,mt:armor}"
            },
            {
              "function": "minecraft:set_attributes",
              "modifiers": [
                {
                  "attribute": "minecraft:generic.armor",
                  "name": "minecraft:generic.armor",
                  "amount": 4,
                  "operation": "addition",
                  "slot": "feet"
                },
                {
                  "attribute": "minecraft:generic.armor_toughness",
                  "name": "minecraft:generic.armor_toughness",
                  "amount": 3,
                  "operation": "addition",
                  "slot": "feet"
                }
			  ]
			},
            {
              "function": "minecraft:set_enchantments",
              "enchantments": {
                "minecraft:protection": {
                  "min": 1,
                  "max": 5
                },
                "minecraft:projectile_protection": {
                  "min": 2,
                  "max": 10
                },
                "minecraft:blast_protection": {
                  "min": 1,
                  "max": 4
                },
                "minecraft:frost_walker": {
                  "min": 1,
                  "max": 10
                },
                "minecraft:feather_falling": {
                  "min": 1,
                  "max": 5
                }
              }
            }
		  ]
		},
        {
          "type": "minecraft:item",
          "name": "minecraft:leather_boots",
          "functions": [
            {
              "function": "set_nbt",
              "tag": "{display:{Name:'{\"text\":\"Ice Shoes\",\"color\":\"gold\",\"italic\":false}',Lore:['{\"text\":\" \"}','{\"text\":\"Ability:\",\"color\":\"green\",\"italic\":false}','{\"text\":\"When hit there is a 10% chance to reduce\",\"color\":\"gray\",\"italic\":false}','{\"text\":\"the armor values of the enemy by 25% for\",\"color\":\"gray\",\"italic\":false}','{\"text\":\"5 seconds. Also reduces speed by 25%.\",\"color\":\"gray\",\"italic\":false}'],color:8705013},HideFlags:64,RepairCost:99999,Unbreakable:1b,armor:ice_shoes,mt:armor}"
            },
            {
              "function": "minecraft:set_attributes",
              "modifiers": [
                {
                  "attribute": "minecraft:generic.armor",
                  "name": "minecraft:generic.armor",
                  "amount": 4.5,
                  "operation": "addition",
                  "slot": "feet"
                },
                {
                  "attribute": "minecraft:generic.armor_toughness",
                  "name": "minecraft:generic.armor_toughness",
                  "amount": 3.5,
                  "operation": "addition",
                  "slot": "feet"
                }
			  ]
			},
            {
              "function": "minecraft:set_enchantments",
              "enchantments": {
                "minecraft:protection": {
                  "min": 1,
                  "max": 5
                },
                "minecraft:projectile_protection": {
                  "min": 2,
                  "max": 10
                },
                "minecraft:blast_protection": {
                  "min": 1,
                  "max": 4
                },
                "minecraft:frost_walker": {
                  "min": 1,
                  "max": 10
                },
                "minecraft:feather_falling": {
                  "min": 1,
                  "max": 5
                }
              }
            }
		  ]
		},
        {
          "type": "minecraft:item",
          "name": "minecraft:leather_boots",
          "functions": [
            {
              "function": "set_nbt",
              "tag": "{display:{Name:'{\"text\":\"Ice Shoes\",\"color\":\"gold\",\"italic\":false}',Lore:['{\"text\":\" \"}','{\"text\":\"Ability:\",\"color\":\"green\",\"italic\":false}','{\"text\":\"When hit there is a 10% chance to reduce\",\"color\":\"gray\",\"italic\":false}','{\"text\":\"the armor values of the enemy by 25% for\",\"color\":\"gray\",\"italic\":false}','{\"text\":\"5 seconds. Also reduces speed by 25%.\",\"color\":\"gray\",\"italic\":false}'],color:8705013},HideFlags:64,RepairCost:99999,Unbreakable:1b,armor:ice_shoes,mt:armor}"
            },
            {
              "function": "minecraft:set_attributes",
              "modifiers": [
                {
                  "attribute": "minecraft:generic.armor",
                  "name": "minecraft:generic.armor",
                  "amount": 4.5,
                  "operation": "addition",
                  "slot": "feet"
                },
                {
                  "attribute": "minecraft:generic.armor_toughness",
                  "name": "minecraft:generic.armor_toughness",
                  "amount": 4,
                  "operation": "addition",
                  "slot": "feet"
                }
			  ]
			},
            {
              "function": "minecraft:set_enchantments",
              "enchantments": {
                "minecraft:protection": {
                  "min": 1,
                  "max": 5
                },
                "minecraft:projectile_protection": {
                  "min": 2,
                  "max": 10
                },
                "minecraft:blast_protection": {
                  "min": 1,
                  "max": 4
                },
                "minecraft:frost_walker": {
                  "min": 1,
                  "max": 10
                },
                "minecraft:feather_falling": {
                  "min": 1,
                  "max": 5
                }
              }
            }
		  ]
		},
        {
          "type": "minecraft:item",
          "name": "minecraft:leather_boots",
          "functions": [
            {
              "function": "set_nbt",
              "tag": "{display:{Name:'{\"text\":\"Ice Shoes\",\"color\":\"gold\",\"italic\":false}',Lore:['{\"text\":\" \"}','{\"text\":\"Ability:\",\"color\":\"green\",\"italic\":false}','{\"text\":\"When hit there is a 10% chance to reduce\",\"color\":\"gray\",\"italic\":false}','{\"text\":\"the armor values of the enemy by 25% for\",\"color\":\"gray\",\"italic\":false}','{\"text\":\"5 seconds. Also reduces speed by 25%.\",\"color\":\"gray\",\"italic\":false}'],color:8705013},HideFlags:64,RepairCost:99999,Unbreakable:1b,armor:ice_shoes,mt:armor}"
            },
            {
              "function": "minecraft:set_attributes",
              "modifiers": [
                {
                  "attribute": "minecraft:generic.armor",
                  "name": "minecraft:generic.armor",
                  "amount": 4.5,
                  "operation": "addition",
                  "slot": "feet"
                },
                {
                  "attribute": "minecraft:generic.armor_toughness",
                  "name": "minecraft:generic.armor_toughness",
                  "amount": 5,
                  "operation": "addition",
                  "slot": "feet"
                }
			  ]
			},
            {
              "function": "minecraft:set_enchantments",
              "enchantments": {
                "minecraft:protection": {
                  "min": 1,
                  "max": 5
                },
                "minecraft:projectile_protection": {
                  "min": 2,
                  "max": 10
                },
                "minecraft:blast_protection": {
                  "min": 1,
                  "max": 4
                },
                "minecraft:frost_walker": {
                  "min": 1,
                  "max": 10
                },
                "minecraft:feather_falling": {
                  "min": 1,
                  "max": 5
                }
              }
            }
		  ]
		},
        {
          "type": "minecraft:item",
          "name": "minecraft:leather_boots",
          "functions": [
            {
              "function": "set_nbt",
              "tag": "{display:{Name:'{\"text\":\"Ice Shoes\",\"color\":\"gold\",\"italic\":false}',Lore:['{\"text\":\" \"}','{\"text\":\"Ability:\",\"color\":\"green\",\"italic\":false}','{\"text\":\"When hit there is a 10% chance to reduce\",\"color\":\"gray\",\"italic\":false}','{\"text\":\"the armor values of the enemy by 25% for\",\"color\":\"gray\",\"italic\":false}','{\"text\":\"5 seconds. Also reduces speed by 25%.\",\"color\":\"gray\",\"italic\":false}'],color:8705013},HideFlags:64,RepairCost:99999,Unbreakable:1b,armor:ice_shoes,mt:armor}"
            },
            {
              "function": "minecraft:set_attributes",
              "modifiers": [
                {
                  "attribute": "minecraft:generic.armor",
                  "name": "minecraft:generic.armor",
                  "amount": 2.5,
                  "operation": "addition",
                  "slot": "feet"
                },
                {
                  "attribute": "minecraft:generic.armor_toughness",
                  "name": "minecraft:generic.armor_toughness",
                  "amount": 3,
                  "operation": "addition",
                  "slot": "feet"
                }
              ]
            },
            {
              "function": "minecraft:set_enchantments",
              "enchantments": {
                "minecraft:protection": {
                  "min": 1,
                  "max": 5
                },
                "minecraft:projectile_protection": {
                  "min": 2,
                  "max": 10
                },
                "minecraft:blast_protection": {
                  "min": 1,
                  "max": 4
                },
                "minecraft:frost_walker": {
                  "min": 1,
                  "max": 10
                },
                "minecraft:feather_falling": {
                  "min": 1,
                  "max": 5
                }
              }
            }
		  ]
		},
        {
          "type": "minecraft:item",
          "name": "minecraft:leather_boots",
          "functions": [
            {
              "function": "set_nbt",
              "tag": "{display:{Name:'{\"text\":\"Ice Shoes\",\"color\":\"gold\",\"italic\":false}',Lore:['{\"text\":\" \"}','{\"text\":\"Ability:\",\"color\":\"green\",\"italic\":false}','{\"text\":\"When hit there is a 10% chance to reduce\",\"color\":\"gray\",\"italic\":false}','{\"text\":\"the armor values of the enemy by 25% for\",\"color\":\"gray\",\"italic\":false}','{\"text\":\"5 seconds. Also reduces speed by 25%.\",\"color\":\"gray\",\"italic\":false}'],color:8705013},HideFlags:64,RepairCost:99999,Unbreakable:1b,armor:ice_shoes,mt:armor}"
            },
            {
              "function": "minecraft:set_attributes",
              "modifiers": [
                {
                  "attribute": "minecraft:generic.armor",
                  "name": "minecraft:generic.armor",
                  "amount": 2.5,
                  "operation": "addition",
                  "slot": "feet"
                },
                {
                  "attribute": "minecraft:generic.armor_toughness",
                  "name": "minecraft:generic.armor_toughness",
                  "amount": 3.5,
                  "operation": "addition",
                  "slot": "feet"
                }
              ]
            },
            {
              "function": "minecraft:set_enchantments",
              "enchantments": {
                "minecraft:protection": {
                  "min": 1,
                  "max": 5
                },
                "minecraft:projectile_protection": {
                  "min": 2,
                  "max": 10
                },
                "minecraft:blast_protection": {
                  "min": 1,
                  "max": 4
                },
                "minecraft:frost_walker": {
                  "min": 1,
                  "max": 10
                },
                "minecraft:feather_falling": {
                  "min": 1,
                  "max": 5
                }
              }
            }
		  ]
		},
        {
          "type": "minecraft:item",
          "name": "minecraft:leather_boots",
          "functions": [
            {
              "function": "set_nbt",
              "tag": "{display:{Name:'{\"text\":\"Ice Shoes\",\"color\":\"gold\",\"italic\":false}',Lore:['{\"text\":\" \"}','{\"text\":\"Ability:\",\"color\":\"green\",\"italic\":false}','{\"text\":\"When hit there is a 10% chance to reduce\",\"color\":\"gray\",\"italic\":false}','{\"text\":\"the armor values of the enemy by 25% for\",\"color\":\"gray\",\"italic\":false}','{\"text\":\"5 seconds. Also reduces speed by 25%.\",\"color\":\"gray\",\"italic\":false}'],color:8705013},HideFlags:64,RepairCost:99999,Unbreakable:1b,armor:ice_shoes,mt:armor}"
            },
            {
              "function": "minecraft:set_attributes",
              "modifiers": [
                {
                  "attribute": "minecraft:generic.armor",
                  "name": "minecraft:generic.armor",
                  "amount": 2.5,
                  "operation": "addition",
                  "slot": "feet"
                },
                {
                  "attribute": "minecraft:generic.armor_toughness",
                  "name": "minecraft:generic.armor_toughness",
                  "amount": 3.5,
                  "operation": "addition",
                  "slot": "feet"
                }
              ]
            },
            {
              "function": "minecraft:set_enchantments",
              "enchantments": {
                "minecraft:protection": {
                  "min": 1,
                  "max": 5
                },
                "minecraft:projectile_protection": {
                  "min": 2,
                  "max": 10
                },
                "minecraft:blast_protection": {
                  "min": 1,
                  "max": 4
                },
                "minecraft:frost_walker": {
                  "min": 1,
                  "max": 10
                },
                "minecraft:feather_falling": {
                  "min": 1,
                  "max": 5
                }
              }
            }
		  ]
		},
        {
          "type": "minecraft:item",
          "name": "minecraft:leather_boots",
          "functions": [
            {
              "function": "set_nbt",
              "tag": "{display:{Name:'{\"text\":\"Ice Shoes\",\"color\":\"gold\",\"italic\":false}',Lore:['{\"text\":\" \"}','{\"text\":\"Ability:\",\"color\":\"green\",\"italic\":false}','{\"text\":\"When hit there is a 10% chance to reduce\",\"color\":\"gray\",\"italic\":false}','{\"text\":\"the armor values of the enemy by 25% for\",\"color\":\"gray\",\"italic\":false}','{\"text\":\"5 seconds. Also reduces speed by 25%.\",\"color\":\"gray\",\"italic\":false}'],color:8705013},HideFlags:64,RepairCost:99999,Unbreakable:1b,armor:ice_shoes,mt:armor}"
            },
            {
              "function": "minecraft:set_attributes",
              "modifiers": [
                {
                  "attribute": "minecraft:generic.armor",
                  "name": "minecraft:generic.armor",
                  "amount": 2.5,
                  "operation": "addition",
                  "slot": "feet"
                },
                {
                  "attribute": "minecraft:generic.armor_toughness",
                  "name": "minecraft:generic.armor_toughness",
                  "amount": 4,
                  "operation": "addition",
                  "slot": "feet"
                }
              ]
            },
            {
              "function": "minecraft:set_enchantments",
              "enchantments": {
                "minecraft:protection": {
                  "min": 1,
                  "max": 5
                },
                "minecraft:projectile_protection": {
                  "min": 2,
                  "max": 10
                },
                "minecraft:blast_protection": {
                  "min": 1,
                  "max": 4
                },
                "minecraft:frost_walker": {
                  "min": 1,
                  "max": 10
                },
                "minecraft:feather_falling": {
                  "min": 1,
                  "max": 5
                }
              }
            }
		  ]
		},
        {
          "type": "minecraft:item",
          "name": "minecraft:leather_boots",
          "functions": [
            {
              "function": "set_nbt",
              "tag": "{display:{Name:'{\"text\":\"Ice Shoes\",\"color\":\"gold\",\"italic\":false}',Lore:['{\"text\":\" \"}','{\"text\":\"Ability:\",\"color\":\"green\",\"italic\":false}','{\"text\":\"When hit there is a 10% chance to reduce\",\"color\":\"gray\",\"italic\":false}','{\"text\":\"the armor values of the enemy by 25% for\",\"color\":\"gray\",\"italic\":false}','{\"text\":\"5 seconds. Also reduces speed by 25%.\",\"color\":\"gray\",\"italic\":false}'],color:8705013},HideFlags:64,RepairCost:99999,Unbreakable:1b,armor:ice_shoes,mt:armor}"
            },
            {
              "function": "minecraft:set_attributes",
              "modifiers": [
                {
                  "attribute": "minecraft:generic.armor",
                  "name": "minecraft:generic.armor",
                  "amount": 2.5,
                  "operation": "addition",
                  "slot": "feet"
                },
                {
                  "attribute": "minecraft:generic.armor_toughness",
                  "name": "minecraft:generic.armor_toughness",
                  "amount": 4.5,
                  "operation": "addition",
                  "slot": "feet"
                }
              ]
            },
            {
              "function": "minecraft:set_enchantments",
              "enchantments": {
                "minecraft:protection": {
                  "min": 1,
                  "max": 5
                },
                "minecraft:projectile_protection": {
                  "min": 2,
                  "max": 10
                },
                "minecraft:blast_protection": {
                  "min": 1,
                  "max": 4
                },
                "minecraft:frost_walker": {
                  "min": 1,
                  "max": 10
                },
                "minecraft:feather_falling": {
                  "min": 1,
                  "max": 5
                }
              }
            }
		  ]
		},
        {
          "type": "minecraft:item",
          "name": "minecraft:leather_boots",
          "functions": [
            {
              "function": "set_nbt",
              "tag": "{display:{Name:'{\"text\":\"Ice Shoes\",\"color\":\"gold\",\"italic\":false}',Lore:['{\"text\":\" \"}','{\"text\":\"Ability:\",\"color\":\"green\",\"italic\":false}','{\"text\":\"When hit there is a 10% chance to reduce\",\"color\":\"gray\",\"italic\":false}','{\"text\":\"the armor values of the enemy by 25% for\",\"color\":\"gray\",\"italic\":false}','{\"text\":\"5 seconds. Also reduces speed by 25%.\",\"color\":\"gray\",\"italic\":false}'],color:8705013},HideFlags:64,RepairCost:99999,Unbreakable:1b,armor:ice_shoes,mt:armor}"
            },
            {
              "function": "minecraft:set_attributes",
              "modifiers": [
                {
                  "attribute": "minecraft:generic.armor",
                  "name": "minecraft:generic.armor",
                  "amount": 2.5,
                  "operation": "addition",
                  "slot": "feet"
                },
                {
                  "attribute": "minecraft:generic.armor_toughness",
                  "name": "minecraft:generic.armor_toughness",
                  "amount": 5,
                  "operation": "addition",
                  "slot": "feet"
                }
              ]
            },
            {
              "function": "minecraft:set_enchantments",
              "enchantments": {
                "minecraft:protection": {
                  "min": 1,
                  "max": 5
                },
                "minecraft:projectile_protection": {
                  "min": 2,
                  "max": 10
                },
                "minecraft:blast_protection": {
                  "min": 1,
                  "max": 4
                },
                "minecraft:frost_walker": {
                  "min": 1,
                  "max": 10
                },
                "minecraft:feather_falling": {
                  "min": 1,
                  "max": 5
                }
              }
            }
		  ]
		}
      ]
    }
  ]
}