{
  "pools": [
    {
      "rolls": 8,
      "bonus_rolls": {
        "min": 1,
        "max": 6
      },
      "entries": [
        {
          "type": "minecraft:item",
          "name": "minecraft:end_stone_bricks",
          "weight": 3,
          "functions": [
            {
              "function": "minecraft:set_count",
              "count": {
                "min": 3,
                "max": 9
              }
            }
          ]
        },
        {
          "type": "minecraft:item",
          "weight": 1,
          "name": "minecraft:goat_horn",
          "functions": [
            {
              "function": "minecraft:set_nbt",
              "tag": "{instrument:\"minecraft:call_goat_horn\",weapon:tp}"
            },
            {
              "function": "minecraft:set_name",
              "name": [
                {
                  "text": "Overworld Horn",
                  "color": "aqua",
                  "italic": "false"
                }
              ]
            },
			{
              "function": "minecraft:set_lore",
              "lore": [
                {
                  "text": "  "
                },
                {
                  "text": "Calls upon the realms of the overworld ",
                  "color": "gray",
                  "italic": false
                },
                {
                  "text": "teleporting you back to the overworld. ",
                  "color": "gray",
                  "italic": false
                },
                {
                  "text": "Use with caution. ",
                  "color": "gray",
                  "italic": false
                }
              ]
            }
          ],
          "conditions": [
            {
              "condition": "minecraft:random_chance",
              "chance": 0.5
            }
          ]
		},
        {
          "type": "minecraft:item",
          "name": "minecraft:chorus_fruit",
          "weight": 3,
          "functions": [
            {
              "function": "minecraft:set_count",
              "count": {
                "min": 3,
                "max": 6
              }
            }
          ]
        },
        {
          "type": "minecraft:item",
          "name": "minecraft:end_crystal",
          "weight": 1,
          "functions": [
            {
              "function": "minecraft:set_count",
              "count": {
                "min": 1,
                "max": 1
              }
            }
          ]
        },
        {
          "type": "minecraft:item",
          "name": "minecraft:shulker_shell",
          "weight": 3,
          "functions": [
            {
              "function": "minecraft:set_count",
              "count": {
                "min": 1,
                "max": 3
              }
            }
          ]
        },
        {
          "type": "minecraft:item",
          "name": "minecraft:dragon_breath",
          "weight": 3,
          "functions": [
            {
              "function": "minecraft:set_count",
              "count": {
                "min": 2,
                "max": 4
              }
            }
          ]
        },
        {
          "type": "minecraft:item",
          "name": "minecraft:experience_bottle",
          "weight": 3,
          "functions": [
            {
              "function": "minecraft:set_count",
              "count": {
                "min": 4,
                "max": 6
              }
            }
          ]
        },
        {
          "type": "minecraft:item",
          "name": "minecraft:ender_pearl",
          "weight": 3,
          "functions": [
            {
              "function": "minecraft:set_count",
              "count": {
                "min": 2,
                "max": 4
              }
            }
          ]
        },
        {
          "type": "minecraft:item",
          "name": "minecraft:phantom_membrane",
          "weight": 2,
          "functions": [
            {
              "function": "minecraft:set_count",
              "count": {
                "min": 2,
                "max": 4
              }
            }
          ]
		},
        {
          "type": "minecraft:item",
          "name": "minecraft:elytra",
          "weight": 2,
          "functions": [
            {
              "function": "minecraft:set_enchantments",
              "enchantments": {
                "minecraft:mending": {
                  "min": 0,
                  "max": 1
                },
                "minecraft:unbreaking": {
                  "min": 0,
                  "max": 4
                }
              }
            }
          ],
          "conditions": [
            {
              "condition": "minecraft:random_chance",
              "chance": 0.15
            }
          ]
		},
        {
          "type": "minecraft:item",
          "name": "minecraft:firework_rocket",
          "weight": 1,
          "functions": [
            {
              "function": "set_count",
              "count": 2
            },
            {
              "function": "set_nbt",
              "tag": "{display:{Name:'{\"text\":\"Flight Rocket\",\"color\":\"aqua\",\"italic\":false}'},Fireworks:{Flight:5b}}"
            },
            {
              "function": "minecraft:set_nbt",
              "tag": "{item:flight}"
            },
            {
              "function": "set_lore",
              "lore": [
                {
                  "text": "A firework rocket used for  ",
                  "color": "gray",
                  "italic": "false"
                },
                {
                  "text": "traveling great distances. ",
                  "color": "gray",
                  "italic": "false"
                }
              ]
            }
          ]
        }
	  ]
    }
  ]
}