{
  "pools": [
    {
      "rolls": {
        "type": "minecraft:uniform",
        "min": 8,
        "max": 10
      },
      "bonus_rolls": {
        "min": 1,
        "max": 6
      },
      "entries": [
        {
          "type": "minecraft:item",
          "weight": 2,
          "name": "minecraft:diamond_block",
          "functions": [
            {
              "function": "minecraft:set_count",
              "count": {
                "min": 1,
                "max": 2
              }
            }
          ]
        },
        {
          "type": "minecraft:item",
          "weight": 3,
          "name": "minecraft:gold_block",
          "functions": [
            {
              "function": "minecraft:set_count",
              "count": {
                "min": 3,
                "max": 6
              }
            }
          ]
        },
        {
          "type": "minecraft:item",
          "weight": 3,
          "name": "minecraft:iron_block",
          "functions": [
            {
              "function": "minecraft:set_count",
              "count": {
                "min": 4,
                "max": 8
              }
            }
          ]
        },
        {
          "type": "minecraft:item",
          "weight": 2,
          "name": "minecraft:netherite_ingot",
          "functions": [
            {
              "function": "minecraft:set_count",
              "count": {
                "min": 1,
                "max": 2
              }
            }
          ]
        },
        {
          "type": "minecraft:item",
          "weight": 3,
          "name": "minecraft:ender_pearl",
          "functions": [
            {
              "function": "minecraft:set_count",
              "count": {
                "min": 4,
                "max": 8
              }
            }
          ]
        },
        {
          "type": "minecraft:loot_table",
          "weight": 1,
          "name": "mt:chests/default_treasure/netherite_swords"
        },
        {
          "type": "minecraft:item",
          "weight": 2,
          "name": "minecraft:end_crystal",
          "functions": [
            {
              "function": "minecraft:set_count",
              "count": {
                "min": 4,
                "max": 8
              },
              "add": false
            }
          ]
        },
        {
          "type": "minecraft:item",
          "weight": 1,
          "name": "minecraft:enchanted_golden_apple",
          "functions": [
            {
              "function": "minecraft:set_count",
              "count": {
                "min": 1,
                "max": 3
              },
              "add": false
            }
          ]
        },
        {
          "type": "minecraft:item",
          "weight": 2,
          "name": "minecraft:golden_apple",
          "functions": [
            {
              "function": "minecraft:set_count",
              "count": {
                "type": "minecraft:constant",
                "value": 5
              },
              "add": false
            }
          ]
        },
        {
          "type": "minecraft:item",
          "weight": 2,
          "name": "minecraft:shulker_shell",
          "functions": [
            {
              "function": "minecraft:set_count",
              "count": {
                "min": 8,
                "max": 16
              },
              "add": false
            }
          ]
        },
        {
          "type": "minecraft:loot_table",
          "weight": 1,
          "name": "mt:chests/default_treasure/refined_helmet"
        },
        {
          "type": "minecraft:loot_table",
          "weight": 1,
          "name": "mt:chests/default_treasure/refined_chestplate"
        },
        {
          "type": "minecraft:loot_table",
          "weight": 1,
          "name": "mt:chests/default_treasure/refined_leggings"
        },
        {
          "type": "minecraft:loot_table",
          "weight": 1,
          "name": "mt:chests/default_treasure/refined_boots"
        }
      ]
    }
  ]
}