{
  "pools": [
    {
      "rolls": 1,
      "entries": [
        {
          "type": "minecraft:item",
          "weight": 1,
          "name": "minecraft:leather_boots",
          "functions": [
            {
              "function": "minecraft:set_nbt",
              "tag": "{display:{Name:'{\"text\":\"Mushroom Boots\",\"color\":\"gold\",\"italic\":false}',Lore:['{\"text\":\" \"}','{\"text\":\"Ability:\",\"color\":\"green\",\"italic\":false}','{\"text\":\"During the nighttime in the overworld\",\"color\":\"gray\",\"italic\":false}','{\"text\":\"the wearer receives 50% more health.\",\"color\":\"gray\",\"italic\":false}'],color:16723502},HideFlags:64,RepairCost:99999,Unbreakable:1b,armor:mushroom_boots,mt:armor}"
            },
            {
              "function": "minecraft:set_enchantments",
              "enchantments": {
                "minecraft:protection": {
                  "min": 2,
                  "max": 6
                },
                "minecraft:projectile_protection": {
                  "min": 2,
                  "max": 8
                },
                "minecraft:blast_protection": {
                  "min": 1,
                  "max": 3
                },
                "minecraft:feather_falling": {
                  "min": 2,
                  "max": 7
                },
                "minecraft:depth_strider": {
                  "min": 0,
                  "max": 3
                }
              }
            },
            {
              "function": "minecraft:set_attributes",
              "modifiers": [
                {
                  "attribute": "minecraft:generic.armor_toughness",
                  "name": "minecraft:generic.armor_toughness",
                  "amount": 2,
                  "operation": "addition",
                  "slot": "feet"
                },
                {
                  "attribute": "minecraft:generic.armor",
                  "name": "minecraft:generic.armor",
                  "amount": 2.5,
                  "operation": "addition",
                  "slot": "feet"
                }
              ]
            }
		  ]
		},
        {
          "type": "minecraft:item",
          "weight": 1,
          "name": "minecraft:leather_boots",
          "functions": [
            {
              "function": "minecraft:set_nbt",
              "tag": "{display:{Name:'{\"text\":\"Mushroom Boots\",\"color\":\"gold\",\"italic\":false}',Lore:['{\"text\":\" \"}','{\"text\":\"Ability:\",\"color\":\"green\",\"italic\":false}','{\"text\":\"During the nighttime in the overworld\",\"color\":\"gray\",\"italic\":false}','{\"text\":\"the wearer receives 50% more health.\",\"color\":\"gray\",\"italic\":false}'],color:16723502},HideFlags:64,RepairCost:99999,Unbreakable:1b,armor:mushroom_boots,mt:armor}"
            },
            {
              "function": "minecraft:set_enchantments",
              "enchantments": {
                "minecraft:protection": {
                  "min": 2,
                  "max": 6
                },
                "minecraft:projectile_protection": {
                  "min": 2,
                  "max": 8
                },
                "minecraft:blast_protection": {
                  "min": 1,
                  "max": 3
                },
                "minecraft:feather_falling": {
                  "min": 2,
                  "max": 7
                },
                "minecraft:depth_strider": {
                  "min": 0,
                  "max": 3
                }
              }
            },
            {
              "function": "minecraft:set_attributes",
              "modifiers": [
                {
                  "attribute": "minecraft:generic.armor_toughness",
                  "name": "minecraft:generic.armor_toughness",
                  "amount": 2.5,
                  "operation": "addition",
                  "slot": "feet"
                },
                {
                  "attribute": "minecraft:generic.armor",
                  "name": "minecraft:generic.armor",
                  "amount": 3,
                  "operation": "addition",
                  "slot": "feet"
                }
              ]
            }
		  ]
		},
        {
          "type": "minecraft:item",
          "weight": 1,
          "name": "minecraft:leather_boots",
          "functions": [
            {
              "function": "minecraft:set_nbt",
              "tag": "{display:{Name:'{\"text\":\"Mushroom Boots\",\"color\":\"gold\",\"italic\":false}',Lore:['{\"text\":\" \"}','{\"text\":\"Ability:\",\"color\":\"green\",\"italic\":false}','{\"text\":\"During the nighttime in the overworld\",\"color\":\"gray\",\"italic\":false}','{\"text\":\"the wearer receives 50% more health.\",\"color\":\"gray\",\"italic\":false}'],color:16723502},HideFlags:64,RepairCost:99999,Unbreakable:1b,armor:mushroom_boots,mt:armor}"
            },
            {
              "function": "minecraft:set_enchantments",
              "enchantments": {
                "minecraft:protection": {
                  "min": 2,
                  "max": 6
                },
                "minecraft:projectile_protection": {
                  "min": 2,
                  "max": 8
                },
                "minecraft:blast_protection": {
                  "min": 1,
                  "max": 3
                },
                "minecraft:feather_falling": {
                  "min": 2,
                  "max": 7
                },
                "minecraft:depth_strider": {
                  "min": 0,
                  "max": 3
                }
              }
            },
            {
              "function": "minecraft:set_attributes",
              "modifiers": [
                {
                  "attribute": "minecraft:generic.armor_toughness",
                  "name": "minecraft:generic.armor_toughness",
                  "amount": 3,
                  "operation": "addition",
                  "slot": "feet"
                },
                {
                  "attribute": "minecraft:generic.armor",
                  "name": "minecraft:generic.armor",
                  "amount": 3.5,
                  "operation": "addition",
                  "slot": "feet"
                }
              ]
            }
		  ]
		},
        {
          "type": "minecraft:item",
          "weight": 1,
          "name": "minecraft:leather_boots",
          "functions": [
            {
              "function": "minecraft:set_nbt",
              "tag": "{display:{Name:'{\"text\":\"Mushroom Boots\",\"color\":\"gold\",\"italic\":false}',Lore:['{\"text\":\" \"}','{\"text\":\"Ability:\",\"color\":\"green\",\"italic\":false}','{\"text\":\"During the nighttime in the overworld\",\"color\":\"gray\",\"italic\":false}','{\"text\":\"the wearer receives 50% more health.\",\"color\":\"gray\",\"italic\":false}'],color:16723502},HideFlags:64,RepairCost:99999,Unbreakable:1b,armor:mushroom_boots,mt:armor}"
            },
            {
              "function": "minecraft:set_enchantments",
              "enchantments": {
                "minecraft:protection": {
                  "min": 2,
                  "max": 6
                },
                "minecraft:projectile_protection": {
                  "min": 2,
                  "max": 8
                },
                "minecraft:blast_protection": {
                  "min": 1,
                  "max": 3
                },
                "minecraft:feather_falling": {
                  "min": 2,
                  "max": 7
                },
                "minecraft:depth_strider": {
                  "min": 0,
                  "max": 3
                }
              }
            },
            {
              "function": "minecraft:set_attributes",
              "modifiers": [
                {
                  "attribute": "minecraft:generic.armor_toughness",
                  "name": "minecraft:generic.armor_toughness",
                  "amount": 3.5,
                  "operation": "addition",
                  "slot": "feet"
                },
                {
                  "attribute": "minecraft:generic.armor",
                  "name": "minecraft:generic.armor",
                  "amount": 4,
                  "operation": "addition",
                  "slot": "feet"
                }
              ]
            }
		  ]
		},
        {
          "type": "minecraft:item",
          "weight": 1,
          "name": "minecraft:leather_boots",
          "functions": [
            {
              "function": "minecraft:set_nbt",
              "tag": "{display:{Name:'{\"text\":\"Mushroom Boots\",\"color\":\"gold\",\"italic\":false}',Lore:['{\"text\":\" \"}','{\"text\":\"Ability:\",\"color\":\"green\",\"italic\":false}','{\"text\":\"During the nighttime in the overworld\",\"color\":\"gray\",\"italic\":false}','{\"text\":\"the wearer receives 50% more health.\",\"color\":\"gray\",\"italic\":false}'],color:16723502},HideFlags:64,RepairCost:99999,Unbreakable:1b,armor:mushroom_boots,mt:armor}"
            },
            {
              "function": "minecraft:set_enchantments",
              "enchantments": {
                "minecraft:protection": {
                  "min": 2,
                  "max": 6
                },
                "minecraft:projectile_protection": {
                  "min": 2,
                  "max": 8
                },
                "minecraft:blast_protection": {
                  "min": 1,
                  "max": 3
                },
                "minecraft:feather_falling": {
                  "min": 2,
                  "max": 7
                },
                "minecraft:depth_strider": {
                  "min": 0,
                  "max": 3
                }
              }
            },
            {
              "function": "minecraft:set_attributes",
              "modifiers": [
                {
                  "attribute": "minecraft:generic.armor_toughness",
                  "name": "minecraft:generic.armor_toughness",
                  "amount": 4,
                  "operation": "addition",
                  "slot": "feet"
                },
                {
                  "attribute": "minecraft:generic.armor",
                  "name": "minecraft:generic.armor",
                  "amount": 4.5,
                  "operation": "addition",
                  "slot": "feet"
                }
              ]
            }
		  ]
		},
        {
          "type": "minecraft:item",
          "weight": 1,
          "name": "minecraft:leather_boots",
          "functions": [
            {
              "function": "minecraft:set_nbt",
              "tag": "{display:{Name:'{\"text\":\"Mushroom Boots\",\"color\":\"gold\",\"italic\":false}',Lore:['{\"text\":\" \"}','{\"text\":\"Ability:\",\"color\":\"green\",\"italic\":false}','{\"text\":\"During the nighttime in the overworld\",\"color\":\"gray\",\"italic\":false}','{\"text\":\"the wearer receives 50% more health.\",\"color\":\"gray\",\"italic\":false}'],color:16723502},HideFlags:64,RepairCost:99999,Unbreakable:1b,armor:mushroom_boots,mt:armor}"
            },
            {
              "function": "minecraft:set_enchantments",
              "enchantments": {
                "minecraft:protection": {
                  "min": 2,
                  "max": 6
                },
                "minecraft:projectile_protection": {
                  "min": 2,
                  "max": 8
                },
                "minecraft:blast_protection": {
                  "min": 1,
                  "max": 3
                },
                "minecraft:feather_falling": {
                  "min": 2,
                  "max": 7
                },
                "minecraft:depth_strider": {
                  "min": 0,
                  "max": 3
                }
              }
            },
            {
              "function": "minecraft:set_attributes",
              "modifiers": [
                {
                  "attribute": "minecraft:generic.armor_toughness",
                  "name": "minecraft:generic.armor_toughness",
                  "amount": 2.5,
                  "operation": "addition",
                  "slot": "feet"
                },
                {
                  "attribute": "minecraft:generic.armor",
                  "name": "minecraft:generic.armor",
                  "amount": 2.5,
                  "operation": "addition",
                  "slot": "feet"
                }
              ]
            }
		  ]
		},
        {
          "type": "minecraft:item",
          "weight": 1,
          "name": "minecraft:leather_boots",
          "functions": [
            {
              "function": "minecraft:set_nbt",
              "tag": "{display:{Name:'{\"text\":\"Mushroom Boots\",\"color\":\"gold\",\"italic\":false}',Lore:['{\"text\":\" \"}','{\"text\":\"Ability:\",\"color\":\"green\",\"italic\":false}','{\"text\":\"During the nighttime in the overworld\",\"color\":\"gray\",\"italic\":false}','{\"text\":\"the wearer receives 50% more health.\",\"color\":\"gray\",\"italic\":false}'],color:16723502},HideFlags:64,RepairCost:99999,Unbreakable:1b,armor:mushroom_boots,mt:armor}"
            },
            {
              "function": "minecraft:set_enchantments",
              "enchantments": {
                "minecraft:protection": {
                  "min": 2,
                  "max": 6
                },
                "minecraft:projectile_protection": {
                  "min": 2,
                  "max": 8
                },
                "minecraft:blast_protection": {
                  "min": 1,
                  "max": 3
                },
                "minecraft:feather_falling": {
                  "min": 2,
                  "max": 7
                },
                "minecraft:depth_strider": {
                  "min": 0,
                  "max": 3
                }
              }
            },
            {
              "function": "minecraft:set_attributes",
              "modifiers": [
                {
                  "attribute": "minecraft:generic.armor_toughness",
                  "name": "minecraft:generic.armor_toughness",
                  "amount": 3,
                  "operation": "addition",
                  "slot": "feet"
                },
                {
                  "attribute": "minecraft:generic.armor",
                  "name": "minecraft:generic.armor",
                  "amount": 2.5,
                  "operation": "addition",
                  "slot": "feet"
                }
              ]
            }
		  ]
		},
        {
          "type": "minecraft:item",
          "weight": 1,
          "name": "minecraft:leather_boots",
          "functions": [
            {
              "function": "minecraft:set_nbt",
              "tag": "{display:{Name:'{\"text\":\"Mushroom Boots\",\"color\":\"gold\",\"italic\":false}',Lore:['{\"text\":\" \"}','{\"text\":\"Ability:\",\"color\":\"green\",\"italic\":false}','{\"text\":\"During the nighttime in the overworld\",\"color\":\"gray\",\"italic\":false}','{\"text\":\"the wearer receives 50% more health.\",\"color\":\"gray\",\"italic\":false}'],color:16723502},HideFlags:64,RepairCost:99999,Unbreakable:1b,armor:mushroom_boots,mt:armor}"
            },
            {
              "function": "minecraft:set_enchantments",
              "enchantments": {
                "minecraft:protection": {
                  "min": 2,
                  "max": 6
                },
                "minecraft:projectile_protection": {
                  "min": 2,
                  "max": 8
                },
                "minecraft:blast_protection": {
                  "min": 1,
                  "max": 3
                },
                "minecraft:feather_falling": {
                  "min": 2,
                  "max": 7
                },
                "minecraft:depth_strider": {
                  "min": 0,
                  "max": 3
                }
              }
            },
            {
              "function": "minecraft:set_attributes",
              "modifiers": [
                {
                  "attribute": "minecraft:generic.armor_toughness",
                  "name": "minecraft:generic.armor_toughness",
                  "amount": 3.5,
                  "operation": "addition",
                  "slot": "feet"
                },
                {
                  "attribute": "minecraft:generic.armor",
                  "name": "minecraft:generic.armor",
                  "amount": 2.5,
                  "operation": "addition",
                  "slot": "feet"
                }
              ]
            }
		  ]
		},
        {
          "type": "minecraft:item",
          "weight": 1,
          "name": "minecraft:leather_boots",
          "functions": [
            {
              "function": "minecraft:set_nbt",
              "tag": "{display:{Name:'{\"text\":\"Mushroom Boots\",\"color\":\"gold\",\"italic\":false}',Lore:['{\"text\":\" \"}','{\"text\":\"Ability:\",\"color\":\"green\",\"italic\":false}','{\"text\":\"During the nighttime in the overworld\",\"color\":\"gray\",\"italic\":false}','{\"text\":\"the wearer receives 50% more health.\",\"color\":\"gray\",\"italic\":false}'],color:16723502},HideFlags:64,RepairCost:99999,Unbreakable:1b,armor:mushroom_boots,mt:armor}"
            },
            {
              "function": "minecraft:set_enchantments",
              "enchantments": {
                "minecraft:protection": {
                  "min": 2,
                  "max": 6
                },
                "minecraft:projectile_protection": {
                  "min": 2,
                  "max": 8
                },
                "minecraft:blast_protection": {
                  "min": 1,
                  "max": 3
                },
                "minecraft:feather_falling": {
                  "min": 2,
                  "max": 7
                },
                "minecraft:depth_strider": {
                  "min": 0,
                  "max": 3
                }
              }
            },
            {
              "function": "minecraft:set_attributes",
              "modifiers": [
                {
                  "attribute": "minecraft:generic.armor_toughness",
                  "name": "minecraft:generic.armor_toughness",
                  "amount": 4,
                  "operation": "addition",
                  "slot": "feet"
                },
                {
                  "attribute": "minecraft:generic.armor",
                  "name": "minecraft:generic.armor",
                  "amount": 2.5,
                  "operation": "addition",
                  "slot": "feet"
                }
              ]
            }
		  ]
		},
        {
          "type": "minecraft:item",
          "weight": 1,
          "name": "minecraft:leather_boots",
          "functions": [
            {
              "function": "minecraft:set_nbt",
              "tag": "{display:{Name:'{\"text\":\"Mushroom Boots\",\"color\":\"gold\",\"italic\":false}',Lore:['{\"text\":\" \"}','{\"text\":\"Ability:\",\"color\":\"green\",\"italic\":false}','{\"text\":\"During the nighttime in the overworld\",\"color\":\"gray\",\"italic\":false}','{\"text\":\"the wearer receives 50% more health.\",\"color\":\"gray\",\"italic\":false}'],color:16723502},HideFlags:64,RepairCost:99999,Unbreakable:1b,armor:mushroom_boots,mt:armor}"
            },
            {
              "function": "minecraft:set_enchantments",
              "enchantments": {
                "minecraft:protection": {
                  "min": 2,
                  "max": 6
                },
                "minecraft:projectile_protection": {
                  "min": 2,
                  "max": 8
                },
                "minecraft:blast_protection": {
                  "min": 1,
                  "max": 3
                },
                "minecraft:feather_falling": {
                  "min": 2,
                  "max": 7
                },
                "minecraft:depth_strider": {
                  "min": 0,
                  "max": 3
                }
              }
            },
            {
              "function": "minecraft:set_attributes",
              "modifiers": [
                {
                  "attribute": "minecraft:generic.armor_toughness",
                  "name": "minecraft:generic.armor_toughness",
                  "amount": 2,
                  "operation": "addition",
                  "slot": "feet"
                },
                {
                  "attribute": "minecraft:generic.armor",
                  "name": "minecraft:generic.armor",
                  "amount": 3,
                  "operation": "addition",
                  "slot": "feet"
                }
              ]
            }
		  ]
		},
        {
          "type": "minecraft:item",
          "weight": 1,
          "name": "minecraft:leather_boots",
          "functions": [
            {
              "function": "minecraft:set_nbt",
              "tag": "{display:{Name:'{\"text\":\"Mushroom Boots\",\"color\":\"gold\",\"italic\":false}',Lore:['{\"text\":\" \"}','{\"text\":\"Ability:\",\"color\":\"green\",\"italic\":false}','{\"text\":\"During the nighttime in the overworld\",\"color\":\"gray\",\"italic\":false}','{\"text\":\"the wearer receives 50% more health.\",\"color\":\"gray\",\"italic\":false}'],color:16723502},HideFlags:64,RepairCost:99999,Unbreakable:1b,armor:mushroom_boots,mt:armor}"
            },
            {
              "function": "minecraft:set_enchantments",
              "enchantments": {
                "minecraft:protection": {
                  "min": 2,
                  "max": 6
                },
                "minecraft:projectile_protection": {
                  "min": 2,
                  "max": 8
                },
                "minecraft:blast_protection": {
                  "min": 1,
                  "max": 3
                },
                "minecraft:feather_falling": {
                  "min": 2,
                  "max": 7
                },
                "minecraft:depth_strider": {
                  "min": 0,
                  "max": 3
                }
              }
            },
            {
              "function": "minecraft:set_attributes",
              "modifiers": [
                {
                  "attribute": "minecraft:generic.armor_toughness",
                  "name": "minecraft:generic.armor_toughness",
                  "amount": 2,
                  "operation": "addition",
                  "slot": "feet"
                },
                {
                  "attribute": "minecraft:generic.armor",
                  "name": "minecraft:generic.armor",
                  "amount": 3.5,
                  "operation": "addition",
                  "slot": "feet"
                }
              ]
            }
		  ]
		},
        {
          "type": "minecraft:item",
          "weight": 1,
          "name": "minecraft:leather_boots",
          "functions": [
            {
              "function": "minecraft:set_nbt",
              "tag": "{display:{Name:'{\"text\":\"Mushroom Boots\",\"color\":\"gold\",\"italic\":false}',Lore:['{\"text\":\" \"}','{\"text\":\"Ability:\",\"color\":\"green\",\"italic\":false}','{\"text\":\"During the nighttime in the overworld\",\"color\":\"gray\",\"italic\":false}','{\"text\":\"the wearer receives 50% more health.\",\"color\":\"gray\",\"italic\":false}'],color:16723502},HideFlags:64,RepairCost:99999,Unbreakable:1b,armor:mushroom_boots,mt:armor}"
            },
            {
              "function": "minecraft:set_enchantments",
              "enchantments": {
                "minecraft:protection": {
                  "min": 2,
                  "max": 6
                },
                "minecraft:projectile_protection": {
                  "min": 2,
                  "max": 8
                },
                "minecraft:blast_protection": {
                  "min": 1,
                  "max": 3
                },
                "minecraft:feather_falling": {
                  "min": 2,
                  "max": 7
                },
                "minecraft:depth_strider": {
                  "min": 0,
                  "max": 3
                }
              }
            },
            {
              "function": "minecraft:set_attributes",
              "modifiers": [
                {
                  "attribute": "minecraft:generic.armor_toughness",
                  "name": "minecraft:generic.armor_toughness",
                  "amount": 2,
                  "operation": "addition",
                  "slot": "feet"
                },
                {
                  "attribute": "minecraft:generic.armor",
                  "name": "minecraft:generic.armor",
                  "amount": 4.5,
                  "operation": "addition",
                  "slot": "feet"
                }
              ]
            }
		  ]
		},
        {
          "type": "minecraft:item",
          "weight": 1,
          "name": "minecraft:leather_boots",
          "functions": [
            {
              "function": "minecraft:set_nbt",
              "tag": "{display:{Name:'{\"text\":\"Mushroom Boots\",\"color\":\"gold\",\"italic\":false}',Lore:['{\"text\":\" \"}','{\"text\":\"Ability:\",\"color\":\"green\",\"italic\":false}','{\"text\":\"During the nighttime in the overworld\",\"color\":\"gray\",\"italic\":false}','{\"text\":\"the wearer receives 50% more health.\",\"color\":\"gray\",\"italic\":false}'],color:16723502},HideFlags:64,RepairCost:99999,Unbreakable:1b,armor:mushroom_boots,mt:armor}"
            },
            {
              "function": "minecraft:set_enchantments",
              "enchantments": {
                "minecraft:protection": {
                  "min": 2,
                  "max": 6
                },
                "minecraft:projectile_protection": {
                  "min": 2,
                  "max": 8
                },
                "minecraft:blast_protection": {
                  "min": 1,
                  "max": 3
                },
                "minecraft:feather_falling": {
                  "min": 2,
                  "max": 7
                },
                "minecraft:depth_strider": {
                  "min": 0,
                  "max": 3
                }
              }
            },
            {
              "function": "minecraft:set_attributes",
              "modifiers": [
                {
                  "attribute": "minecraft:generic.armor_toughness",
                  "name": "minecraft:generic.armor_toughness",
                  "amount": 2.5,
                  "operation": "addition",
                  "slot": "feet"
                },
                {
                  "attribute": "minecraft:generic.armor",
                  "name": "minecraft:generic.armor",
                  "amount": 3,
                  "operation": "addition",
                  "slot": "feet"
                }
              ]
            }
		  ]
		},
        {
          "type": "minecraft:item",
          "weight": 1,
          "name": "minecraft:leather_boots",
          "functions": [
            {
              "function": "minecraft:set_nbt",
              "tag": "{display:{Name:'{\"text\":\"Mushroom Boots\",\"color\":\"gold\",\"italic\":false}',Lore:['{\"text\":\" \"}','{\"text\":\"Ability:\",\"color\":\"green\",\"italic\":false}','{\"text\":\"During the nighttime in the overworld\",\"color\":\"gray\",\"italic\":false}','{\"text\":\"the wearer receives 50% more health.\",\"color\":\"gray\",\"italic\":false}'],color:16723502},HideFlags:64,RepairCost:99999,Unbreakable:1b,armor:mushroom_boots,mt:armor}"
            },
            {
              "function": "minecraft:set_enchantments",
              "enchantments": {
                "minecraft:protection": {
                  "min": 2,
                  "max": 6
                },
                "minecraft:projectile_protection": {
                  "min": 2,
                  "max": 8
                },
                "minecraft:blast_protection": {
                  "min": 1,
                  "max": 3
                },
                "minecraft:feather_falling": {
                  "min": 2,
                  "max": 7
                },
                "minecraft:depth_strider": {
                  "min": 0,
                  "max": 3
                }
              }
            },
            {
              "function": "minecraft:set_attributes",
              "modifiers": [
                {
                  "attribute": "minecraft:generic.armor_toughness",
                  "name": "minecraft:generic.armor_toughness",
                  "amount": 3,
                  "operation": "addition",
                  "slot": "feet"
                },
                {
                  "attribute": "minecraft:generic.armor",
                  "name": "minecraft:generic.armor",
                  "amount": 3,
                  "operation": "addition",
                  "slot": "feet"
                }
              ]
            }
		  ]
		},
        {
          "type": "minecraft:item",
          "weight": 1,
          "name": "minecraft:leather_boots",
          "functions": [
            {
              "function": "minecraft:set_nbt",
              "tag": "{display:{Name:'{\"text\":\"Mushroom Boots\",\"color\":\"gold\",\"italic\":false}',Lore:['{\"text\":\" \"}','{\"text\":\"Ability:\",\"color\":\"green\",\"italic\":false}','{\"text\":\"During the nighttime in the overworld\",\"color\":\"gray\",\"italic\":false}','{\"text\":\"the wearer receives 50% more health.\",\"color\":\"gray\",\"italic\":false}'],color:16723502},HideFlags:64,RepairCost:99999,Unbreakable:1b,armor:mushroom_boots,mt:armor}"
            },
            {
              "function": "minecraft:set_enchantments",
              "enchantments": {
                "minecraft:protection": {
                  "min": 2,
                  "max": 6
                },
                "minecraft:projectile_protection": {
                  "min": 2,
                  "max": 8
                },
                "minecraft:blast_protection": {
                  "min": 1,
                  "max": 3
                },
                "minecraft:feather_falling": {
                  "min": 2,
                  "max": 7
                },
                "minecraft:depth_strider": {
                  "min": 0,
                  "max": 3
                }
              }
            },
            {
              "function": "minecraft:set_attributes",
              "modifiers": [
                {
                  "attribute": "minecraft:generic.armor_toughness",
                  "name": "minecraft:generic.armor_toughness",
                  "amount": 3.5,
                  "operation": "addition",
                  "slot": "feet"
                },
                {
                  "attribute": "minecraft:generic.armor",
                  "name": "minecraft:generic.armor",
                  "amount": 3,
                  "operation": "addition",
                  "slot": "feet"
                }
              ]
            }
		  ]
		},
        {
          "type": "minecraft:item",
          "weight": 1,
          "name": "minecraft:leather_boots",
          "functions": [
            {
              "function": "minecraft:set_nbt",
              "tag": "{display:{Name:'{\"text\":\"Mushroom Boots\",\"color\":\"gold\",\"italic\":false}',Lore:['{\"text\":\" \"}','{\"text\":\"Ability:\",\"color\":\"green\",\"italic\":false}','{\"text\":\"During the nighttime in the overworld\",\"color\":\"gray\",\"italic\":false}','{\"text\":\"the wearer receives 50% more health.\",\"color\":\"gray\",\"italic\":false}'],color:16723502},HideFlags:64,RepairCost:99999,Unbreakable:1b,armor:mushroom_boots,mt:armor}"
            },
            {
              "function": "minecraft:set_enchantments",
              "enchantments": {
                "minecraft:protection": {
                  "min": 2,
                  "max": 6
                },
                "minecraft:projectile_protection": {
                  "min": 2,
                  "max": 8
                },
                "minecraft:blast_protection": {
                  "min": 1,
                  "max": 3
                },
                "minecraft:feather_falling": {
                  "min": 2,
                  "max": 7
                },
                "minecraft:depth_strider": {
                  "min": 0,
                  "max": 3
                }
              }
            },
            {
              "function": "minecraft:set_attributes",
              "modifiers": [
                {
                  "attribute": "minecraft:generic.armor_toughness",
                  "name": "minecraft:generic.armor_toughness",
                  "amount": 4,
                  "operation": "addition",
                  "slot": "feet"
                },
                {
                  "attribute": "minecraft:generic.armor",
                  "name": "minecraft:generic.armor",
                  "amount": 3,
                  "operation": "addition",
                  "slot": "feet"
                }
              ]
            }
		  ]
		},
        {
          "type": "minecraft:item",
          "weight": 1,
          "name": "minecraft:leather_boots",
          "functions": [
            {
              "function": "minecraft:set_nbt",
              "tag": "{display:{Name:'{\"text\":\"Mushroom Boots\",\"color\":\"gold\",\"italic\":false}',Lore:['{\"text\":\" \"}','{\"text\":\"Ability:\",\"color\":\"green\",\"italic\":false}','{\"text\":\"During the nighttime in the overworld\",\"color\":\"gray\",\"italic\":false}','{\"text\":\"the wearer receives 50% more health.\",\"color\":\"gray\",\"italic\":false}'],color:16723502},HideFlags:64,RepairCost:99999,Unbreakable:1b,armor:mushroom_boots,mt:armor}"
            },
            {
              "function": "minecraft:set_enchantments",
              "enchantments": {
                "minecraft:protection": {
                  "min": 2,
                  "max": 6
                },
                "minecraft:projectile_protection": {
                  "min": 2,
                  "max": 8
                },
                "minecraft:blast_protection": {
                  "min": 1,
                  "max": 3
                },
                "minecraft:feather_falling": {
                  "min": 2,
                  "max": 7
                },
                "minecraft:depth_strider": {
                  "min": 0,
                  "max": 3
                }
              }
            },
            {
              "function": "minecraft:set_attributes",
              "modifiers": [
                {
                  "attribute": "minecraft:generic.armor_toughness",
                  "name": "minecraft:generic.armor_toughness",
                  "amount": 2.5,
                  "operation": "addition",
                  "slot": "feet"
                },
                {
                  "attribute": "minecraft:generic.armor",
                  "name": "minecraft:generic.armor",
                  "amount": 3.5,
                  "operation": "addition",
                  "slot": "feet"
                }
              ]
            }
		  ]
		},
        {
          "type": "minecraft:item",
          "weight": 1,
          "name": "minecraft:leather_boots",
          "functions": [
            {
              "function": "minecraft:set_nbt",
              "tag": "{display:{Name:'{\"text\":\"Mushroom Boots\",\"color\":\"gold\",\"italic\":false}',Lore:['{\"text\":\" \"}','{\"text\":\"Ability:\",\"color\":\"green\",\"italic\":false}','{\"text\":\"During the nighttime in the overworld\",\"color\":\"gray\",\"italic\":false}','{\"text\":\"the wearer receives 50% more health.\",\"color\":\"gray\",\"italic\":false}'],color:16723502},HideFlags:64,RepairCost:99999,Unbreakable:1b,armor:mushroom_boots,mt:armor}"
            },
            {
              "function": "minecraft:set_enchantments",
              "enchantments": {
                "minecraft:protection": {
                  "min": 2,
                  "max": 6
                },
                "minecraft:projectile_protection": {
                  "min": 2,
                  "max": 8
                },
                "minecraft:blast_protection": {
                  "min": 1,
                  "max": 3
                },
                "minecraft:feather_falling": {
                  "min": 2,
                  "max": 7
                },
                "minecraft:depth_strider": {
                  "min": 0,
                  "max": 3
                }
              }
            },
            {
              "function": "minecraft:set_attributes",
              "modifiers": [
                {
                  "attribute": "minecraft:generic.armor_toughness",
                  "name": "minecraft:generic.armor_toughness",
                  "amount": 2.5,
                  "operation": "addition",
                  "slot": "feet"
                },
                {
                  "attribute": "minecraft:generic.armor",
                  "name": "minecraft:generic.armor",
                  "amount": 4,
                  "operation": "addition",
                  "slot": "feet"
                }
              ]
            }
		  ]
		},
        {
          "type": "minecraft:item",
          "weight": 1,
          "name": "minecraft:leather_boots",
          "functions": [
            {
              "function": "minecraft:set_nbt",
              "tag": "{display:{Name:'{\"text\":\"Mushroom Boots\",\"color\":\"gold\",\"italic\":false}',Lore:['{\"text\":\" \"}','{\"text\":\"Ability:\",\"color\":\"green\",\"italic\":false}','{\"text\":\"During the nighttime in the overworld\",\"color\":\"gray\",\"italic\":false}','{\"text\":\"the wearer receives 50% more health.\",\"color\":\"gray\",\"italic\":false}'],color:16723502},HideFlags:64,RepairCost:99999,Unbreakable:1b,armor:mushroom_boots,mt:armor}"
            },
            {
              "function": "minecraft:set_enchantments",
              "enchantments": {
                "minecraft:protection": {
                  "min": 2,
                  "max": 6
                },
                "minecraft:projectile_protection": {
                  "min": 2,
                  "max": 8
                },
                "minecraft:blast_protection": {
                  "min": 1,
                  "max": 3
                },
                "minecraft:feather_falling": {
                  "min": 2,
                  "max": 7
                },
                "minecraft:depth_strider": {
                  "min": 0,
                  "max": 3
                }
              }
            },
            {
              "function": "minecraft:set_attributes",
              "modifiers": [
                {
                  "attribute": "minecraft:generic.armor_toughness",
                  "name": "minecraft:generic.armor_toughness",
                  "amount": 2.5,
                  "operation": "addition",
                  "slot": "feet"
                },
                {
                  "attribute": "minecraft:generic.armor",
                  "name": "minecraft:generic.armor",
                  "amount": 4.5,
                  "operation": "addition",
                  "slot": "feet"
                }
              ]
            }
		  ]
		},
        {
          "type": "minecraft:item",
          "weight": 1,
          "name": "minecraft:leather_boots",
          "functions": [
            {
              "function": "minecraft:set_nbt",
              "tag": "{display:{Name:'{\"text\":\"Mushroom Boots\",\"color\":\"gold\",\"italic\":false}',Lore:['{\"text\":\" \"}','{\"text\":\"Ability:\",\"color\":\"green\",\"italic\":false}','{\"text\":\"During the nighttime in the overworld\",\"color\":\"gray\",\"italic\":false}','{\"text\":\"the wearer receives 50% more health.\",\"color\":\"gray\",\"italic\":false}'],color:16723502},HideFlags:64,RepairCost:99999,Unbreakable:1b,armor:mushroom_boots,mt:armor}"
            },
            {
              "function": "minecraft:set_enchantments",
              "enchantments": {
                "minecraft:protection": {
                  "min": 2,
                  "max": 6
                },
                "minecraft:projectile_protection": {
                  "min": 2,
                  "max": 8
                },
                "minecraft:blast_protection": {
                  "min": 1,
                  "max": 3
                },
                "minecraft:feather_falling": {
                  "min": 2,
                  "max": 7
                },
                "minecraft:depth_strider": {
                  "min": 0,
                  "max": 3
                }
              }
            },
            {
              "function": "minecraft:set_attributes",
              "modifiers": [
                {
                  "attribute": "minecraft:generic.armor_toughness",
                  "name": "minecraft:generic.armor_toughness",
                  "amount": 2.5,
                  "operation": "addition",
                  "slot": "feet"
                },
                {
                  "attribute": "minecraft:generic.armor",
                  "name": "minecraft:generic.armor",
                  "amount": 4,
                  "operation": "addition",
                  "slot": "feet"
                }
              ]
            }
		  ]
		},
        {
          "type": "minecraft:item",
          "weight": 1,
          "name": "minecraft:leather_boots",
          "functions": [
            {
              "function": "minecraft:set_nbt",
              "tag": "{display:{Name:'{\"text\":\"Mushroom Boots\",\"color\":\"gold\",\"italic\":false}',Lore:['{\"text\":\" \"}','{\"text\":\"Ability:\",\"color\":\"green\",\"italic\":false}','{\"text\":\"During the nighttime in the overworld\",\"color\":\"gray\",\"italic\":false}','{\"text\":\"the wearer receives 50% more health.\",\"color\":\"gray\",\"italic\":false}'],color:16723502},HideFlags:64,RepairCost:99999,Unbreakable:1b,armor:mushroom_boots,mt:armor}"
            },
            {
              "function": "minecraft:set_enchantments",
              "enchantments": {
                "minecraft:protection": {
                  "min": 2,
                  "max": 6
                },
                "minecraft:projectile_protection": {
                  "min": 2,
                  "max": 8
                },
                "minecraft:blast_protection": {
                  "min": 1,
                  "max": 3
                },
                "minecraft:feather_falling": {
                  "min": 2,
                  "max": 7
                },
                "minecraft:depth_strider": {
                  "min": 0,
                  "max": 3
                }
              }
            },
            {
              "function": "minecraft:set_attributes",
              "modifiers": [
                {
                  "attribute": "minecraft:generic.armor_toughness",
                  "name": "minecraft:generic.armor_toughness",
                  "amount": 3,
                  "operation": "addition",
                  "slot": "feet"
                },
                {
                  "attribute": "minecraft:generic.armor",
                  "name": "minecraft:generic.armor",
                  "amount": 4,
                  "operation": "addition",
                  "slot": "feet"
                }
              ]
            }
		  ]
		},
        {
          "type": "minecraft:item",
          "weight": 1,
          "name": "minecraft:leather_boots",
          "functions": [
            {
              "function": "minecraft:set_nbt",
              "tag": "{display:{Name:'{\"text\":\"Mushroom Boots\",\"color\":\"gold\",\"italic\":false}',Lore:['{\"text\":\" \"}','{\"text\":\"Ability:\",\"color\":\"green\",\"italic\":false}','{\"text\":\"During the nighttime in the overworld\",\"color\":\"gray\",\"italic\":false}','{\"text\":\"the wearer receives 50% more health.\",\"color\":\"gray\",\"italic\":false}'],color:16723502},HideFlags:64,RepairCost:99999,Unbreakable:1b,armor:mushroom_boots,mt:armor}"
            },
            {
              "function": "minecraft:set_enchantments",
              "enchantments": {
                "minecraft:protection": {
                  "min": 2,
                  "max": 6
                },
                "minecraft:projectile_protection": {
                  "min": 2,
                  "max": 8
                },
                "minecraft:blast_protection": {
                  "min": 1,
                  "max": 3
                },
                "minecraft:feather_falling": {
                  "min": 2,
                  "max": 7
                },
                "minecraft:depth_strider": {
                  "min": 0,
                  "max": 3
                }
              }
            },
            {
              "function": "minecraft:set_attributes",
              "modifiers": [
                {
                  "attribute": "minecraft:generic.armor_toughness",
                  "name": "minecraft:generic.armor_toughness",
                  "amount": 3.5,
                  "operation": "addition",
                  "slot": "feet"
                },
                {
                  "attribute": "minecraft:generic.armor",
                  "name": "minecraft:generic.armor",
                  "amount": 4.5,
                  "operation": "addition",
                  "slot": "feet"
                }
              ]
            }
		  ]
		}
	  ]
	}
  ]
}