{
  "type": "minecraft:chest",
  "pools": [
    {
      "rolls": {
        "min": 3.0,
        "max": 11.0
      },
      "bonus_rolls": {
        "min": 1,
        "max": 6
      },
      "entries": [
        {
          "type": "minecraft:item",
          "name": "minecraft:diamond",
          "weight": 1,
          "functions": [
            {
              "function": "minecraft:set_count",
              "count": {
                "min": 1,
                "max": 2
              }
            }
          ],
          "conditions": [
            {
              "condition": "minecraft:random_chance",
              "chance": 0.5
            }
          ]
        },
        {
          "type": "item",
          "weight": 2,
          "name": "minecraft:potion",
          "functions": [
            {
              "function": "set_count",
              "count": 1
            },
            {
              "function": "set_nbt",
              "tag": "{CustomPotionEffects:[{Id:13b,Amplifier:1b,Duration:2400,ShowParticles:1b},{Id:10b,Amplifier:0b,Duration:2400,ShowParticles:1b}],CustomPotionColor:3041023}"
            },
            {
              "function": "set_nbt",
              "tag": "{item:obreath}"
            },
            {
              "function": "set_name",
              "name": [
                {
                  "text": "Potion of Gills",
                  "color": "aqua",
                  "italic": "false"
                }
			  ]
			}
          ],
          "conditions": [
            {
              "condition": "minecraft:random_chance",
              "chance": 0.3
            }
          ]
        },
        {
          "type": "minecraft:item",
          "name": "minecraft:iron_ingot",
          "weight": 2,
          "functions": [
            {
              "function": "minecraft:set_count",
              "count": {
                "min": 2,
                "max": 4
              }
            }
          ]
        },
        {
          "type": "minecraft:item",
          "name": "minecraft:heart_of_the_sea",
          "weight": 1,
          "quality": 1,
          "functions": [
            {
              "function": "minecraft:set_count",
              "count": {
                "min": 1,
                "max": 1
              }
            }
          ]
        },
        {
          "type": "minecraft:item",
          "name": "minecraft:diamond",
          "weight": 1,
          "quality": 1,
          "functions": [
            {
              "function": "minecraft:set_count",
              "count": {
                "min": 1,
                "max": 1
              }
            }
          ]
        },
        {
          "type": "minecraft:item",
          "name": "minecraft:experience_bottle",
          "weight": 2,
          "quality": 1,
          "functions": [
            {
              "function": "minecraft:limit_count",
              "limit": {
                "min": 4,
                "max": 8
              }
            }
          ]
        },
        {
          "type": "minecraft:item",
          "name": "minecraft:cooked_cod",
          "weight": 2,
          "quality": 1,
          "functions": [
            {
              "function": "minecraft:limit_count",
              "limit": {
                "min": 4,
                "max": 8
              }
            }
          ]
        },
        {
          "type": "minecraft:item",
          "name": "minecraft:cooked_salmon",
          "weight": 2,
          "quality": 1,
          "functions": [
            {
              "function": "minecraft:limit_count",
              "limit": {
                "min": 4,
                "max": 8
              }
            }
          ]
        },
        {
          "type": "minecraft:item",
          "name": "minecraft:pufferfish",
          "weight": 1,
          "quality": 1,
          "functions": [
            {
              "function": "minecraft:limit_count",
              "limit": {
                "min": 1,
                "max": 1
              }
            }
          ]
        },
        {
          "type": "minecraft:item",
          "name": "minecraft:tropical_fish",
          "weight": 1,
          "quality": 1,
          "functions": [
            {
              "function": "minecraft:limit_count",
              "limit": {
                "min": 1,
                "max": 1
              }
            }
          ]
        },
        {
          "type": "minecraft:item",
          "name": "minecraft:fishing_rod",
          "weight": 1,
          "functions": [
            {
              "function": "minecraft:enchant_with_levels",
              "levels": 30
            }
          ],
          "conditions": [
            {
              "condition": "minecraft:random_chance",
              "chance": 0.5
            }
          ]
        },
        {
          "type": "minecraft:item",
          "name": "minecraft:turtle_helmet",
          "weight": 1,
          "functions": [
            {
              "function": "minecraft:enchant_with_levels",
              "levels": 30
            },
            {
              "function": "set_nbt",
              "tag": "{armor:turt}"
            }
          ],
          "conditions": [
            {
              "condition": "minecraft:random_chance",
              "chance": 0.4
            }
          ]
        },
        {
          "type": "minecraft:item",
          "name": "minecraft:netherite_ingot",
          "weight": 1,
          "functions": [
            {
              "function": "minecraft:set_count",
              "count": {
                "min": 1,
                "max": 1
              }
            }
          ],
          "conditions": [
            {
              "condition": "minecraft:random_chance",
              "chance": 0.005
            }
          ]
        }
      ]
    }
  ]
}
