{
  "condition": "minecraft:alternative",
  "terms": [
    {
      "condition": "minecraft:entity_scores",
      "entity": "this",
      "scores": {
        "mt.common_chance": {
          "max": 17
        }
      }
    },
    {
      "condition": "minecraft:entity_scores",
      "entity": "this",
      "scores": {
        "mt.rare_chance": {
          "max": 17
        }
      }
    },
    {
      "condition": "minecraft:entity_scores",
      "entity": "this",
      "scores": {
        "mt.epic_chance": {
          "max": 17
        }
      }
    }
  ]
}
