{
  "pools": [
    {
      "rolls": 12,
      "bonus_rolls": {
        "min": 1,
        "max": 6
      },
      "entries": [
        {
          "type": "minecraft:loot_table",
          "weight": 1,
          "name": "mt:chests/soul_valley_treasure/scythe",
          "conditions": [
            {
              "condition": "minecraft:random_chance",
              "chance": 0.5
            }
		  ]
		},
        {
          "type": "minecraft:loot_table",
          "weight": 1,
          "name": "mt:chests/soul_valley_treasure/soul_helmet",
          "conditions": [
            {
              "condition": "minecraft:random_chance",
              "chance": 0.5
            }
		  ]
		},
        {
          "type": "minecraft:item",
          "name": "minecraft:wither_skeleton_skull",
          "weight": 2,
          "functions": [
            {
              "function": "minecraft:set_count",
              "count": {
                "min": 2,
                "max": 4
              }
            }
          ]
        },
        {
          "type": "minecraft:item",
          "name": "minecraft:ghast_tear",
          "weight": 3,
          "functions": [
            {
              "function": "minecraft:set_count",
              "count": {
                "min": 6,
                "max": 12
              }
            }
          ]
        },
        {
          "type": "minecraft:item",
          "name": "minecraft:end_crystal",
          "weight": 2,
          "functions": [
            {
              "function": "minecraft:set_count",
              "count": {
                "min": 2,
                "max": 4
              }
			}
          ]
        },
        {
          "type": "minecraft:item",
          "name": "minecraft:crying_obsidian",
          "weight": 3,
          "functions": [
            {
              "function": "minecraft:set_count",
              "count": {
                "min": 3,
                "max": 6
              }
            }
          ]
        },
        {
          "type": "minecraft:item",
          "name": "minecraft:obsidian",
          "weight": 3,
          "functions": [
            {
              "function": "minecraft:set_count",
              "count": {
                "min": 3,
                "max": 6
              }
            }
          ]
        },
        {
          "type": "minecraft:item",
          "name": "minecraft:ender_pearl",
          "weight": 3,
          "functions": [
            {
              "function": "minecraft:set_count",
              "count": {
                "min": 2,
                "max": 4
              }
            }
          ]
        },
        {
          "type": "minecraft:item",
          "name": "minecraft:experience_bottle",
          "weight": 2,
          "functions": [
            {
              "function": "minecraft:set_count",
              "count": {
                "min": 3,
                "max": 7
              }
            }
          ]
        },
        {
          "type": "minecraft:item",
          "name": "minecraft:netherite_ingot",
          "weight": 3,
          "conditions": [
            {
              "condition": "minecraft:random_chance",
              "chance": 0.25
            }
          ]
        },
        {
          "type": "minecraft:item",
          "name": "minecraft:dragon_egg",
          "weight": 1,
          "conditions": [
            {
              "condition": "minecraft:random_chance",
              "chance": 0.05
            }
          ]
        },
        {
          "type": "item",
          "weight": 1,
          "name": "minecraft:potion",
          "functions": [
            {
              "function": "set_count",
              "count": 1
            },
            {
              "function": "set_nbt",
              "tag": "{display:{Name:'{\"text\":\"Pure Soul Potion\",\"color\":\"gold\",\"italic\":false}'},CustomPotionEffects:[{Id:10b,Amplifier:3b,Duration:800,ShowParticles:1b},{Id:22b,Amplifier:2b,Duration:800,ShowParticles:1b},{Id:23b,Amplifier:4b,Duration:200,ShowParticles:1b}],CustomPotionColor:12708080}"
            },
            {
              "function": "minecraft:set_nbt",
              "tag": "{food:psoul}"
            }
          ]
        }
	  ]
    }
  ]
}