{
  "pools": [
    {
      "rolls": 1,
      "entries": [
        {
          "type": "item",
          "weight": 1,
          "name": "minecraft:written_book",
          "functions": [
            {
              "function": "set_count",
              "count": 1
            },
            {
              "function": "set_nbt",
              "tag": "{display:{Name:'{\"text\":\"Mine Treasure - Guidebook\",\"color\":\"gold\",\"italic\":false}',Lore:['{\"text\":\" \"}','{\"text\":\"A guide to the Mine Treasure data pack.\",\"color\":\"gray\",\"italic\":false}']},title:\"Mine Treasure\",author:\"Frozytime\",pages:['{\"text\":\"\\\\n\\\\n\\\\n\\\\n\\\\n  Mine Treasure\\\\n\\\\n - Better mining.\",\"color\":\"black\",\"bold\":true}','[{\"text\":\"\\\\nIntroduction:\",\"color\":\"black\",\"bold\":true,\"italic\":false},{\"text\":\"\\\\nPage: 3\",\"color\":\"black\",\"bold\":false,\"italic\":false},{\"text\":\"\\\\nTreasure-types:\",\"color\":\"black\",\"bold\":true,\"italic\":false},{\"text\":\"\\\\nPage: 4-7\",\"color\":\"black\",\"bold\":false,\"italic\":false},{\"text\":\"\\\\nBiome-specific:\\\\n\",\"color\":\"black\",\"bold\":true,\"italic\":false},{\"text\":\"Page: 8-15\",\"bold\":false},{\"text\":\"\\\\nStone-types\\\\n\",\"bold\":true},{\"text\":\"Page 16-18\",\"bold\":false},{\"text\":\"\\\\nCustom Items:\\\\n\"},{\"text\":\"Page: 19-21\",\"bold\":false},{\"text\":\"\\\\nTips and Tricks:\\\\n\",\"bold\":true},{\"text\":\"Page: 22-25\",\"bold\":false}]','{\"text\":\"Mine Treasure is a data pack designed to enhance Minecraft\\'s mining aspect. Mining stone-related blocks will give the player the possibility to find a Treasure. These Treasure differ in rarity and types such as tiers and biome-specific loot.\",\"color\":\"black\",\"italic\":false}','[{\"text\":\"Common Treasure:\",\"color\":\"#8C817E\",\"italic\":false},{\"text\":\"\\\\n\\\\nHas a 1.375% chance to spawn. Meaning it is the most common out of any Treasure. The loot contained in them are very basic and mediocre. Their convenience comes in an easier way of obtaining common resources.\",\"color\":\"black\",\"bold\":false}]','[{\"text\":\"Rare Treasure:\",\"color\":\"blue\"},{\"text\":\"\\\\n\\\\nHas a 0.344% chance to spawn. Contains decent loot such as tools, armor and other utilities which are quite decent. These can hold quite powerful items as well if the player is lucky to stumble upon them.\",\"color\":\"black\",\"italic\":false}]','[{\"text\":\"Epic Treasure:\",\"color\":\"red\"},{\"text\":\"\\\\n\\\\nHas a 0.043% chance to spawn. The loot is reaching end-game levels of strength. Extremely useful items and utilities can be found in these Treasures. Potentially changing the game for the player who finds one.\",\"color\":\"black\"}]','[{\"text\":\"Legendary Treasure:\",\"color\":\"gold\",\"italic\":false},{\"text\":\"\\\\n\\\\nHas a 0.0215% chance to spawn. The best tier of loot one could imagine. Powerful weapons, armor and utility items which determines the outcome in any fight. If one is lucky enough to find one, they have a severe advantage.\",\"color\":\"black\"}]','[{\"text\":\"Biome-specific Treasures\",\"bold\":true},{\"text\":\" is a feature which makes every biome feel unique. Loot tables are heavily altered from biome to biome. However, some biomes have the same loot table due to their similarities. On the next page there will be a list displaying all the grouped biomes.\",\"bold\":false}]','[{\"text\":\"Default biomes:\",\"bold\":true},{\"text\":\"\\\\nPlains\\\\nRiver\\\\nForest\\\\nBirch Forest\\\\nOld Growth B. Forest\\\\nStony Shore\\\\nBeach\",\"bold\":false}]','[{\"text\":\"Ocean biomes:\\\\n\",\"bold\":true},{\"text\":\"Ocean\\\\nWarm Ocean\\\\nLukewarm Ocean\\\\nCold Ocean\\\\nDeep Ocean\\\\nDeep Cold Ocean\\\\nDeep Lukewarm Ocean\\\\nDeep Frozen Ocean\\\\nFrozen Ocean\",\"bold\":false}]','[{\"text\":\"Mountain biomes:\\\\n\",\"bold\":true},{\"text\":\"Jagged Peaks\\\\nFrozen Peaks\\\\nStony Peaks\\\\nMeadow\\\\n\",\"bold\":false},{\"text\":\"Ice biomes:\\\\n\"},{\"text\":\"Snowy Beach\\\\nSnowy Plains\\\\nGrove\\\\nSnowy Slopes\\\\nIce Spikes\\\\nFrozen River\",\"bold\":false},{\"text\":\"\\\\n\\\\n\"},{\"text\":\"Dark Forest biome\",\"bold\":true}]','[{\"text\":\"Badlands biomes:\\\\n\",\"bold\":true,\"hoverEvent\":{\"action\":\"show_text\",\"contents\":[{\"text\":\"\",\"bold\":true}]}},{\"text\":\"Badlands\\\\nWooded Badlands\\\\nEroded Badlands\\\\n\",\"bold\":false,\"hoverEvent\":{\"action\":\"show_text\",\"contents\":[{\"text\":\"\",\"bold\":true}]}},{\"text\":\"\\\\nLush Caves biome\\\\n\\\\nDripstone C. biome\\\\n\",\"bold\":true,\"hoverEvent\":{\"action\":\"show_text\",\"contents\":[{\"text\":\"\",\"bold\":true}]}},{\"text\":\"\\\\nMushroom F. biome\\\\n\\\\nSwamp biomes:\\\\n\",\"bold\":true,\"hoverEvent\":{\"action\":\"show_text\",\"contents\":[{\"text\":\"\",\"bold\":true}]}},{\"text\":\"Swamp\\\\nMangrove Swamp\",\"bold\":false,\"hoverEvent\":{\"action\":\"show_text\",\"contents\":[{\"text\":\"\",\"bold\":true}]}},{\"text\":\"\\\\n\",\"bold\":true,\"hoverEvent\":{\"action\":\"show_text\",\"contents\":[{\"text\":\"\",\"bold\":true}]}}]','[{\"text\":\"Taiga biomes:\\\\n\",\"bold\":true},{\"text\":\"Taiga\\\\nSnowy Taiga\\\\nOld G. Pine Taiga\\\\nOld G. Spruce Taiga\\\\n\",\"bold\":false},{\"text\":\"\\\\nDesert biome\\\\n\\\\nSavanna biomes:\\\\n\",\"bold\":true},{\"text\":\"Savanna\\\\nSavanna Plateau\\\\nWindswept Savanna\",\"bold\":false}]','[{\"text\":\"Jungle biomes:\\\\n\",\"bold\":true},{\"text\":\"Jungle\\\\nSparse Jungle\\\\nBamboo Jungle\\\\n\",\"bold\":false},{\"text\":\"Flower biomes:\\\\n\",\"bold\":true},{\"text\":\"Flower Forest\\\\nSunflower Plains\\\\n\",\"bold\":false},{\"text\":\"Wind Biomes:\",\"bold\":true},{\"text\":\"\\\\nWindswept Forest\\\\nWindswept Hills\\\\nWindswept G. Hills\\\\n\\\\n\",\"bold\":false}]','[{\"text\":\"Deep Dark biome\\\\n\\\\nSoul Valley biome \\\\n\\\\nNether Default biomes:\\\\n\",\"bold\":true},{\"text\":\"Nether Wastes\\\\nCrimson Forest\\\\nWarped Forest\\\\n\\\\n\",\"bold\":false},{\"text\":\"Basalt Deltas biome\\\\n\\\\nEnd biome\\\\n\\\\n\",\"bold\":true}]','[{\"text\":\"Stone-types:\",\"bold\":true,\"italic\":false},{\"text\":\"\\\\nStone-types are extremely important when it comes to Mine Treasure. They have different treasure spawn rates. Stone has the standard \\\\nCommon: 0.4% \\\\nRare: 0.1%\\\\nEpic: 0.0125%\\\\nLegendary: 0.005%\",\"bold\":false}]','{\"text\":\"Granite: Higher epic rates at the cost of lower common and rare\\\\nDiorite: Higher common rates, but lower epic and rare\\\\nAndesite/Magma Block: Higher rare, lower common and epic\\\\nOres: Higher everything\"}','{\"text\":\"Deepslate/End stone: Higher everything\\\\nDeepslate Ore: Even higher\\\\nDiamond Ore: Highest possible chance for everything.\\\\nStrategy is to instamine Stone ASAP and try to find an Efficiency 9+ Pickaxe in the Deep Dark or Mountain \"}','[{\"text\":\"Custom Items:\\\\n\",\"bold\":true},{\"text\":\"Most of the custom items spawn with random attributes, making every weapon feel unique. Many of them are Biome Pieces. These pieces of armor are extremely powerful and easily surpasses Netherite. Armor values may go up as high as 20% higher than Netherite.\",\"bold\":false}]','{\"text\":\"There are also custom weapons which are way more powerful than vanilla weapons. Some rival End Crystals explosions on hard mode in damage. One can combine different sets to utilize a weapon to its full potential.\"}','{\"text\":\"Utility items define the outcome of a battle. Such as custom arrows, potions, horns, food items and much more. Be careful however, as many of them are capable of great destruction. Most items have descriptions which state what it does.\"}','[{\"text\":\"Tips and Tricks:\\\\n\",\"bold\":true},{\"text\":\"The faster one mines, the higher likelihood of finding a Treasure. Mountain Common Treasures may give Haste II potions and the Deep Dark biome ones may have a great chance for a Diamond Pickaxe. The Deep Dark is usually beneath mountains.\",\"bold\":false}]','{\"text\":\"An Ultimate Flight Rocket from the End Legendary Treasure is capable of going 1900 blocks upwards in 1 use. \\\\n\\\\nUnstable TNT is lit by punching it.\\\\n\\\\nDesolation Rockets deal an insane amount of damage.\"}','{\"text\":\"Enchanted Chorus Fruit teleports the user in a range of 50 blocks.\\\\n\\\\nXP juice can fully restore a Netherite set in 1 use.\\\\n\\\\nDark Meat and the leggings of the Deep Dark are an excellent combo. \"}','{\"text\":\"Nothing is immune to the Hunger effect.\\\\n\\\\nCertain stats stack with armor, weapons and utility items.\\\\n\\\\nThe custom Totems of Undying give 1 second of immortality.\\\\n\\\\nLegendary Default Treasure is not a bad loot table.\"}','{\"text\":\"Thank you for downloading my data pack, I sincerely hope you enjoy it. \\\\n\\\\n\\\\nFeedback is appreciated!\\\\n\\\\n\\\\n\\\\n\\\\n- Frozytime\"}']}"
            }
          ]
        }
      ]
    }
  ]
}